"soi_name","master_comp_security_name","family_name","security_type"
"",Security 101 (Common Equity),Security 1011323,Common Equity
"",Security 101 (Common Equity),Security 101,Common Equity
"",Omnia (Equity),Omnia,Common Equity
" APT OPCO, LLC ",APT Healthcare (Term Loan),APT Healthcare,First Lien
" BLC Holding  Company,  Inc.",Bland Landscaping (Revolver),Bland Landscaping,First Lien
" BLC Holding  Company,  Inc.",Bland Landscaping (DDTL),Bland Landscaping,First Lien
" BLC Holding  Company,  Inc.",Bland Landscaping (Term Loan),Bland Landscaping,First Lien
" Holdco Sands Intermediate, LLC ",Smartronix / Trident (TL),Smartronix / Trident,First Lien
" Management Consulting & Research, LLC ",MCR (Term Loan),MCR,First Lien
" PD Tri-State Holdco, LLC ",PDS Tri-State (Term Loan),PDS Tri-State,First Lien
" Puget Collision, LLC ",Puget Collision (Term Loan),Puget Collision,First Lien
" RECEPTION PURCHASER, LLC",STG (TL),STG Logistics,First Lien
"18 Freemont Street Acquisition, LLC",Circa (TL),Circass,First Lien
"48FORTY INTERMEDIATE HOLDINGS, INC","48Forty (Common Equity)","48Forty",Common Equity
"48FORTY INTERMEDIATE HOLDINGS, INC","48Forty (Term Loan)","48Forty",First Lien
"A1 GARAGE MERGER SUB, LLC",A1 Garage (DDTL),A1 Garage,First Lien
"A1 GARAGE MERGER SUB, LLC",A1 Garage (Revolver),A1 Garage,First Lien
"A1 GARAGE MERGER SUB, LLC",A1 Garage (Term Loan),A1 Garage,First Lien
"A1 Garage Equity, LLC",A1 Garage (Common Equity),A1 Garage,Common Equity
"A1 Garage Merger Sub, LLC",A1 Garage (Revolver),A1 Garage,First Lien
"A1 Garage Merger Sub, LLC",A1 Garage (Term Loan),A2 Garge,First Lien
"A1 Garage Merger Sub, LLC",A1 Garage (DDTL),"",First Lien
"ACP Big Top Holdings, L.P. (DE)",Big Top Manufacturing (Common Equity),Big Top Manufacturing,Common Equity
"ACP Falcon Buyer, Inc.",Integrated Data Services (Rev),Integrated Data Services,First Lien
"ACP Falcon Buyer, Inc.",Integrated Data Services (TL),Integrated Data Services,First Lien
"AERONIX, INC.",Aeronix (Revolver),Aeronix,First Lien
"AERONIX, INC.",Aeronix (TL),Aeronix,First Lien
AFC Acquisitions,AFC Industries (Common Equity),AFC Acquisitions,Common Equity
AFC Acquisitions,AFC Industries (DDTL),AFC Acquisitions,First Lien
AFC Acquisitions,AFC Industries (TL),AFC Acquisitions,First Lien
AFC Industries,AFC Industries (TL),AFC Acquisitions,First Lien
AFC Industries,AFC Industries (Common Equity),AFC Acquisitions,Common Equity
AFC Industries,AFC Industries (DDTL),AFC Acquisitions,First Lien
AG Investco LP,Athene (Equity),Athene,Common Equity
AG Investco LP (Unfunded),Athene (Equity),Athene,Common Equity
AG Investco LP - Unfunded,Athene (Equity),Athene,Common Equity
"AH Holdings, Inc.",American Surgical (Preferred Equity),American Surgical,Preferred Equity
"AH Holdings, Inc. (Warrants) ",American Surgical (Warrants),American Surgical,Common Equity
"AH Newco Equityholdings, LLC",American Surgical (Preferred Equity),American Surgical,Preferred Equity
AKW Holdings Limited,AKW Holdings (Term Loan),AKW Holdings,First Lien
AKW Holdings Limited (Equity),AKW Holdings (Common),AKW Holdings,Common Equity
ALLIED UNIVERSAL HOLDCO LLC,Allied Universal (Term Loan),Allied Universal,First Lien
"AMCSI CRASH CO-INVEST, LP",Crash Champions (Equity),Crash Champions,Common Equity
"AMCSI CRASH CO-INVEST, LP - Unfunded",Crash Champions (Equity),Crash Champions,Common Equity
API Holdings III Corp.,API Technologies (TL),API Technologies,First Lien
API Technologies Corp. - Unfunded Revolver,API Technologies (Revolver),API Technologies,First Lien
"APT OPCO, LLC",APT Healthcare (Common Equity),APT Healthcare,Common Equity
"APT OPCO, LLC",APT Healthcare (Incr. DDTL),APT Healthcare,First Lien
"APT OPCO, LLC",APT Healthcare (Revolver),APT Healthcare,First Lien
"APT OPCO, LLC",APT Healthcare (Term Loan),APT Healthcare,First Lien
"ASP LCG Holdings, Inc. (f/k/a Learning Care Group (US), No. 2 Inc.) (Warrants)",Learning Care Group (Common),"",Common Equity
"Accelevation, LLC",Accelevation (Term Loan),Accelevation,First Lien
"Accounting Platform Holdings, Inc",Harris (Preferred Equity),Harris,Common Equity
"Accounting Platform Holdings, Inc",Harris (Common Equity),Harris,Common Equity
"Acrisure, LLC",Acrisure (TLB-1),Acrisure,First Lien
"Ad.net Acquisition, LLC",Ad.net (Term Loan),Ad.net,First Lien
"Ad.net Acquisition, LLC - Funded Revolver",Ad.net (Revolver),Ad.net,First Lien
"Ad.net Acquisition, LLC - Unfunded Revolver",Ad.net (Revolver),Ad.net,First Lien
"Ad.net Holdings, Inc. (Common )",Ad.net (Common Equity),Ad.net,Common Equity
"Ad.net Holdings, Inc. (Common)",Ad.net (Common Equity),Ad.net,Preferred Equity
"Ad.net Holdings, Inc. (Preferred)",Ad.net (Preferred Equity),Ad.net,Preferred Equity
Advantage Sales & Marketing,Advantage (TL),Advantage Sales & Marketing,First Lien
Advantage Sales & Marketing ,Advantage (TL),Advantage Sales & Marketing,First Lien
Advantage Sales & Marketing Inc.,Advantage (TL),Advantage Sales & Marketing,First Lien
"Adweek Purchaser, LLC",Adweek (Term Loan),Adweek,First Lien
"Adweek Purchaser, LLC",Adweek (DDTL),Adweek,First Lien
Aechelon Technology Inc.,Aechelon (Common Equity),Aechelon,Common Equity
Aechelon Technology Inc.,Aechelon (Term Loan),Aechelon,First Lien
Aechelon Technology Inc.,Aechelon (Revolver),Aechelon,First Lien
"Affinion Group Holdings, Inc. (Warrants)",Affinion (Warrants),Affinion,Common Equity
"Aftermarket Drivetrain Products Holdings, LLC",TransGo (Equity),TransGo,Common Equity
"Aftermarket Drivetrain Products Holdings, LLC ",TransGo (Equity),TransGo,Common Equity
Alpine Acquisition Corp II,"48Forty (Term Loan)","48Forty",First Lien
Alpine Acquisition Corp II - Unfunded Term Loan,"48Forty (DDTL)","48Forty",First Lien
"Altamira Intermediate Company II, Inc.",Altamira (Common Equity),Altamira,Common Equity
"Altamira Technologies, LLC",Altamira (TL),Altamira,First Lien
"Altamira Technologies, LLC - Funded Revolver",Altamira (RC),Altamira,First Lien
"Altamira Technologies, LLC - Unfunded Revolver",Altamira (RC),Altamira,First Lien
"American Auto Auction Group, LLC",XLerate,sadsad,First Lien
"American Insulated Glass, LLC",American Insulated Glass (Term Loan),American Insulated Glass,First Lien
"American Insulated Glass, LLC - Unfunded Term Loan",American Insulated Glass (DDTL),American Insulated Glass,First Lien
"American Teleconferencing Services, Ltd.",Premiere Global Services (PGi) (Term Loan),Premiere Global Services (PGi),First Lien
"American Teleconferencing Services, Ltd. - Funded Revolver",Premiere Global Services (PGi) (Priority Revolver),Premiere Global Services (PGi),First Lien
Amsive Holding Corporation,Vision Integrated (TL),Vision Integrated,First Lien
Amsive Holding Corporation (f/k/a Vision Purchaser Corporation),Vision Integrated (TL),Vision Integrated,First Lien
Ankura Consulting Group,Ankura (TL),Ankura,First Lien
"Ankura Consulting Group, LLC",Ankura (TL),Ankura,First Lien
"Anteriad, LLC (f/k/a MeritDirect, LLC)",MeritDirect (Term Loan),MeritDirect,First Lien
Any Hour Services,Any Hour Services (Term Loan),Any Hour Services,First Lien
Any Hour Services - Unfunded Revolver,Any Hour Services (Revolver),Any Hour Services,First Lien
Any Hour Services - Unfunded Term Loan,Any Hour Services (DDTL),Any Hour Services,First Lien
Any Hour Services - Unfunded Term Loan II,Any Hour Services (DDTL II),Any Hour Services,First Lien
"Apex Service Partners, LLC",Apex (Term Loan),Apex Service Partners,First Lien
"Apex Service Partners, LLC",Apex (Incremental Term Loan),Apex Service Partners,First Lien
"Apex Service Partners, LLC ",Apex (Term Loan),Apex Service Partners,First Lien
"Apex Service Partners, LLC - Funded Revolver",Apex (Revolver),Apex Service Partners,First Lien
"Apex Service Partners, LLC - Revolver",Apex (Revolver),Apex Service Partners,First Lien
"Apex Service Partners, LLC - Term Loan C",Apex (Term Loan C),Apex Service Partners,First Lien
"Apex Service Partners, LLC - Unfunded Revolver",Apex (Revolver),Apex Service Partners,First Lien
"Apex Service Partners, LLC - Unfunded Term Loan",Apex (DDTL),Apex Service Partners,First Lien
"Apex Service Partners, LLC - Unfunded Term Loan",Apex (DDTL II),Apex Service Partners,First Lien
"Apex Service Partners, LLC - Unfunded Term Loan C",Apex (DDTL III),Apex Service Partners,First Lien
"Apex Service Partners, LLC - Unfunded Term Loan III",Apex (DDTL III),Apex Service Partners,First Lien
"Apex Service Partners, LLC Term Loan B",Apex (DDTL II),Apex Service Partners,First Lien
"Apex Service Partners, LLC Term Loan C",Apex (Term Loan C),Apex Service Partners,First Lien
"Aphix Buyer, Inc.",Aphix (Common Equity),APHIX,Common Equity
"Aphix Buyer, Inc.",Aphix (Term Loan),APHIX,First Lien
Applied Technical Services,Applied Technical Services (Term Loan),Applied Technical Services,First Lien
Applied Technical Services (Common Equity),Applied Technical Services (Common Equity),Applied Technical Services,Common Equity
Applied Technical Services (Term Loan),Applied Technical Services (Term Loan),Applied Technical Services,First Lien
"Applied Technical Services, LLC",Applied Technical Services (Term Loan),Applied Technical Services,First Lien
"Applied Technical Services, LLC - Funded Revolver",Applied Technical Services (Revolver),Applied Technical Services,First Lien
"Applied Technical Services, LLC - Unfunded Revolver",Applied Technical Services (Revolver),Applied Technical Services,First Lien
"Applied Technical Services, LLC - Unfunded Term Loan",Applied Technical Services (DDTL),Applied Technical Services,First Lien
Arcfield Acquisition Corp.,Arcfield (Term Loan),Arcfield,First Lien
Arcfield Acquisition Corp. - Unfunded Revolver,Arcfield (Revolver),Arcfield,First Lien
Archer Lewis LLC,Archer Lewis (Revolver),Archer Lewis,First Lien
Archer Lewis LLC,Archer Lewis (Term Loan),Archer Lewis,First Lien
Archer Lewis LLC,Archer Lewis (Unfunded DDTL B),Archer Lewis,First Lien
Archer Lewis LLC,Archer Lewis (Unfunded DDTL A),Archer Lewis,First Lien
"Argano, LLC",Argano (Revolver),Argano,First Lien
"Argano, LLC",Argano (Term Loan),Argano,First Lien
"Argano, LLC",Argano (DDTL),Argano,First Lien
"Ascensus Holdings, Inc.",Ascensus (Term Loan),Ascensus,First Lien
"Ascensus Holdings, Inc. - Second Lien",Ascensus (2L Term Loan),Ascensus,Second Lien
"Athletico Holdings, LLC",Athletico (Common Equity),Athletico,Common Equity
"Atlas Investment Aggregator, LLC",Aspect Software (Equity),Aspect Software,Common Equity
"Atlas Purchaser, Inc.",Aspect Software,Aspect Software,Second Lien
"Atlas Purchaser, Inc. - Fourth Out",Aspect Software (First Lien Fourth Out),Aspect Software,First Lien
"Atlas Purchaser, Inc. - Third Out",Aspect Software (First Lien Third Out Tranche B),Aspect Software,First Lien
"Autumn Games, LLC",CEA (Common),"",Common Equity
Avenu Insights & Analytics LLC,Avenu (DDTL),Avenu,First Lien
Avenu Insights & Analytics LLC,Avenu (TL),Avenu,First Lien
Avenu Insights & Analytics LLC,Avenu (Equity),Avenu,Common Equity
Avenu Insights & Analytics LLC,Avenu (Revolver),Avenu,First Lien
"BIODERM HOLDINGS, LP",BioDerm (Common Equity),BioDerm,Common Equity
"BIODERM HOLDINGS, LP",BioDerm (Preferred Equity),BioDerm,Preferred Equity
"Beacon Behavioral Support Services, LLC ",Beacon Behavioral (Revolver),Beacon Behavioral,First Lien
"Beacon Behavioral Support Services, LLC ",Beacon Behavioral (DDTL),Beacon Behavioral,First Lien
"Beacon Behavioral Support Services, LLC ",Beacon Behavioral (Term Loan),Beacon Behavioral,First Lien
"Beacon Behavioral Support Services, LLC ",Beacon Beavhioral (DDTL),Beacon Behavioral,First Lien
"Beacon Behavioral Support Services, LLC ",Beacon Behavioral (HoldCo Note),Beacon Behavioral,Subordinated Debt
"Bellwether Media, LLC",The Creative Group (Term Loan),The Creative Group,First Lien
Berlin Packaging - Equity,Berlin Packaging (Common Equity),Berlin Packaging,Common Equity
Berlin Packaging L.L.C. ,Berlin Packaging (Term Loan),Berlin Packaging,First Lien
"Berlin Packaging, LLC",Berlin Packaging (Term Loan),Berlin Packaging,First Lien
Best Practice Associates LLC,Federal Advisory Partners (Revolver),Federal Advisory Partners,First Lien
Best Practice Associates LLC,Federal Advisory Partners (First Lien Term Loan),Federal Advisory Partners,First Lien
Best Practice Associates LLC,Federal Advisory Partners (Term Loan),Federal Advisory Partners,Second Lien
"Best Practice Associates, LLC",Federal Advisory Partners (Term Loan),Federal Advisory Partners,Second Lien
"Beta Plus Technologies, Inc.",Beta+ (TL),Beta+,First Lien
Beta+,Beta+ (TL),Beta+,First Lien
"Big Top Holdings, LLC",Big Top Manufacturing (Term Loan),Big Top Manufacturing,First Lien
"Big Top Holdings, LLC",Big Top Manufacturing (Revolver),Big Top Manufacturing,First Lien
"BioDerm, Inc.",BioDerm (Term Loan),BioDerm,First Lien
"BioDerm, Inc.",BioDerm (Revolver),BioDerm,First Lien
"Blackhawk Industrial Distribution, Inc.",BlackHawk Industrial (Incremental TL),BlackHawk Industrial,First Lien
"Blackhawk Industrial Distribution, Inc.",BlackHawk Industrial (TL),BlackHawk Industrial,First Lien
"Blackhawk Industrial Distribution, Inc. - Funded Revolver",BlackHawk Industrial (Revolver),BlackHawk Industrial,First Lien
"Blackhawk Industrial Distribution, Inc. - Unfunded Revolver",BlackHawk Industrial (Revolver),BlackHawk Industrial,First Lien
"Blackhawk Industrial Distribution, Inc. - Unfunded Term Loan",BlackHawk Industrial (DDTL),BlackHawk Industrial,First Lien
"Blue Cloud Pediatric Surgery Centers, LLC",Blue Cloud (Incr. Term Loan),Blue Cloud,First Lien
"Boss Industries, LLC",Boss Industries (Revolver),Boss Industries,First Lien
"Boss Industries, LLC",Boss Industries (Term Loan),Boss Industries,First Lien
"Bottom Line Systems, LLC",Bottom Line Systems,"",First Lien
"Broder Bros, Co.",alphabroder,alphabroder,First Lien
"Broder Bros., Co.",alphabroder,alphabroder,First Lien
"Burgess Point Holdings, L.P.",BBB Industries (Common Equity),BBB Industries,Common Equity
Burgess Point Purchaser Corporation,BBB Industries (First Lien Term Loan),BBB Industries,First Lien
Burgess Point Purchaser Corporation,BBB Industries (Second Lien Term Loan),BBB Industries,Second Lien
By Light Holdings LLC,By Light (HoldCo Note),By Light,Subordinated Debt
By Light Investco LP,By Light (Equity),By Light,Common Equity
By Light Investco LP (Unfunded),By Light (Equity),By Light,Common Equity
"By Light Professional IT Services, LLC",By Light (Term Loan),By Light,First Lien
"By Light Professional IT Services, LLC - Funded Revolver",By Light (Revolver),By Light,First Lien
"By Light Professional IT Services, LLC - Unfunded Revolver",By Light (Revolver),By Light,First Lien
"By Light Professional IT Services, LLC - Unfunded Term Loan",By Light (DDTL),By Light,First Lien
"By Light Professional Services, LLC",By Light (Term Loan),By Light,First Lien
"C5MI Acquisition, LLC",C5MI (Term Loan),C5MI,First Lien
"C5MI Acquisition, LLC",C5MI (Revolver),C5MI,First Lien
"C5MI Holdco, LLC",C5MI (Common Equity),C5MI,Common Equity
"C5MI Holdco, LLC",C5MI (Preferred Equity),C5MI,Preferred Equity
"CARISK BUYER, INC.",Carisk Partners (Revolver),Carisk Partners,First Lien
"CARISK BUYER, INC.",Carisk Partners (DDTL),Carisk Partners,First Lien
"CARISK BUYER, INC.",Carisk Partners (TL),Carisk Partners,First Lien
"CARISK PARENT, L.P.",Carisk Partners (Equity),Carisk Partners,Common Equity
"CF512, Inc.",Gen3 Marketing (Term Loan),Gen3 Marketing,First Lien
"CF512, Inc. - Unfunded Revolver",Gen3 Marketing (Revolver),Gen3 Marketing,First Lien
"CF512, Inc. - Unfunded Term Loan",Gen3 Marketing (DDTL),Gen3 Marketing,First Lien
"CHA Holdings, Inc.",CHA Consulting (TL),CHA Consulting,First Lien
"CHA Holdings, Inc. - Unfunded Term Loan",CHA Consulting (DDTL),CHA Consulting,First Lien
"CI (Allied) Investment Holdings, LLC (PRA Events, Inc.)",APRA (Common),APRA,Common Equity
"CI (PTN) Investment Holdings II, LLC",PT Network (C. Eq.),"",Common Equity
"CI (PTN) Investment Holdings II, LLC(P)",PT Network (P. Eq.),"",Preferred Equity
"CI (Summit) Investment Holdings, LLC (SFP Holding, Inc.)",Summit Companies (Common Equity),"",Common Equity
"CRANE 1 SERVICES, INC.",Crane 1 (Term Loan),Crane 1,First Lien
"CRANE 1 SERVICES, INC. - Unfunded Revolver",Crane 1 (Revolver),Crane 1,First Lien
"CRANE 1 SERVICES, INC. - Unfunded Term Loan",Crane 1 (DDTL),Crane 1,First Lien
"Cadence Aerospace, LLC",Cadence Aerospace,Cadence Aerospace,First Lien
Cano Health,Cano Health (Term Loan),"",First Lien
"Cano Health, LLC",Cano Health (Term Loan),"",Common Equity
"Cano Health, LLC",Cano Health (Term Loan),"",First Lien
"Capital Construction, LLC",Stronghouse Solutions (Term Loan),Stronghouse Solutions,First Lien
Cardenas Markets LLC,Cardenas,Cardenas,First Lien
"Cardinal Logistics Holdings LLC
  (Intermediate Transportation 100, LLC)",Greatwide (Common),Greatwide,Common Equity
Carnegie Dartlet LLC,Carnegie Dartlet (Term Loan),Carnegie Dartlet,First Lien
Carnegie Dartlet LLC ,Carnegie Dartlet (Term Loan),Carnegie Dartlet,First Lien
Carnegie Dartlet LLC ,Carnegie Dartlet (Revolver),Carnegie Dartlet,First Lien
Carnegie Dartlet LLC ,Carnegie Dartlet (DDTL),Carnegie Dartlet,First Lien
"Carnegie HoldCo, LLC ",Carnegie Dartlet (Common Equity),Carnegie Dartlet,Common Equity
"Cartessa Aesthetics, LLC",Cartessa (TL),Cartessa,First Lien
"Cartessa Aesthetics, LLC (Common)",Cartessa (Common Equity),Cartessa,Common Equity
"Cartessa Aesthetics, LLC - Funded Revolver",Cartessa (Revolver),Cartessa,First Lien
"Cartessa Aesthetics, LLC - Unfunded Revolver",Cartessa (Revolver),Cartessa,""
Cascade Environmental Holdings LLC (13.00% PIK),Cascade (Senior Subordinated Notes),Cascade,Subordinated Debt
Cascade Environmental Holdings LLC (Common),Cascade (Common Equity),Cascade,Common Equity
Cascade Environmental Holdings LLC (Preffered),Cascade (Preferred Equity),Cascade,Preferred Equity
"Cascade Environmental Holdings, LLC",Cascade (Common Equity),Cascade,Common Equity
"Cascade Environmental Holdings, LLC (13.00% PIK)",Cascade (Senior Subordinated Notes),Cascade,Subordinated Debt
"Cascade Environmental Holdings, LLC (Common)",Cascade (Common Equity),Cascade,Common Equity
"Cascade Environmental Holdings, LLC (Preferred)",Cascade (Preferred Equity),Cascade,Preferred Equity
"Case Works, LLC ",Case Works Group (Term Loan) ,Case Works Group,First Lien
"Case Works, LLC ",Case Works Group (DDTL) ,Case Works Group,First Lien
"Case Works, LLC ",Case Works Group (Revolver) ,Case Works Group,First Lien
"Challenger Performance Optimization, Inc.",Challenger (TL),Challenger,First Lien
"Challenger Performance Optimization, Inc. - Funded Revolver",Challenger (Rev),Challenger,First Lien
"Challenger Performance Optimization, Inc. - Unfunded Revolver",Challenger (Rev),Challenger,First Lien
"Compex Legal Services, Inc.",Compex (TL),Compex Legal,First Lien
"Compex Legal Services, Inc.",Compex (Incremental TL),Compex Legal,First Lien
"Compex Legal Services, Inc. ",Compex (TL),Compex Legal,First Lien
"Compex Legal Services, Inc. - Funded Revolver",Compex (Rev),Compex Legal,First Lien
"Compex Legal Services, Inc. - Unfunded Revolver",Compex (Rev),Compex Legal,First Lien
"Compex Legal Services, Inc. - Unfunded Term Loan",Compex (DDTL),Compex Legal,First Lien
"Condor Borrower, LLC",Comodo (TL),"",Second Lien
Condor Holdings Limited,Comodo (P Equity 1),"",Preferred Equity
Condor Top Holdco Limited,Comodo (P Equity 2),"",Preferred Equity
Confie Seguros Holding Co.,Confie Seguros (TL),Confie Seguros,Second Lien
"Confluent Health, LLC",Confluent Health (TL),Confluent Health,First Lien
"Confluent Health, LLC",Confluent Health (Incremental TL),Confluent Health,First Lien
"Confluent Health, LLC - Unfunded Term Loan",Confluent Health (DDTL),Confluent Health,First Lien
"Connatix Buyer, Inc.",Connatix (Term Loan),Connatix,First Lien
"Connatix Buyer, Inc. - Funded Revolver",Connatix (Revolver),Connatix,First Lien
"Connatix Buyer, Inc. - Unfunded Revolver",Connatix (Revolver),Connatix,First Lien
"Connatix Buyer, Inc. - Unfunded Term Loan",Connatix (DDTL),Connatix,First Lien
"Connatix Parent, LLC",Connatix (Common Equity),Connatix,Common Equity
"Consello Pacific Aggregator, LLC",ProSearch (Common Equity),ProSearch,Common Equity
Convergint,Convergint (TL),Convergint,First Lien
"CoolSys, Inc.",CoolSys (TL),CoolSys,First Lien
"CoolSys, Inc. - Unfunded Term Loan",CoolSys (DDTL),CoolSys,First Lien
"Cornerstone Advisors of Arizona, LLC",Cornerstone Advisors (Revolver),Cornerstone Advisors,First Lien
"Cornerstone Advisors of Arizona, LLC",Cornerstone Advisors (Term Loan),Cornerstone Advisors,First Lien
Country Fresh Holding Company Inc.,Country Fresh (Common Equity),Country Fresh,Common Equity
"Country Fresh Holdings, LLC",Country Fresh,"",First Lien
"Country Fresh Holdings, LLC (All PIK)",Country Fresh (2L Term Loan),Country Fresh,Second Lien
"Country Fresh Holdings, LLC - First Out",Country Fresh (Interim Bridge),Country Fresh,First Lien
"Country Fresh Holdings, LLC - First Out - Unfunded Term Loan",Country Fresh (Interim Bridge DDTL),"",First Lien
"Country Fresh Holdings, LLC - Funded Revolver",Country Fresh (Revolver),Country Fresh,First Lien
"Country Fresh Holdings, LLC - Super Senior Term Loan",Country Fresh (Super Senior TL),Country Fresh,First Lien
"Country Fresh Holdings, LLC - Unfunded Revolver",Country Fresh (Revolver),Country Fresh,First Lien
"Cowboy Parent LLC (Blackhawk Industrial Distribution, Inc.)",BlackHawk Industrial (Common Equity),BlackHawk Industrial,Common Equity
"Crane 1 Acquisition Parent Holdings, L.P.",Crane 1 (Common Equity),Crane 1,Common Equity
"Crane 1 Services, Inc. - Funded Revolver",Crane 1 (Revolver),Crane 1,First Lien
"DBI Holding, LLC - Series A-1 (All PIK)",DBI (Preferred),"",Preferred Equity
"DBI Holding, LLC - Series B",DBI (Common),"",Common Equity
"DBI Holding, LLC - Term Loan B (All PIK)",DBI (Term Loan B),"",Second Lien
"DBI Holding, LLC - Term Loan C (All PIK)",DBI (Term Loan C),"",Second Lien
"DG Investment Intermediate Holdings 2, Inc.",Convergint (TL),Convergint,First Lien
DRI Holding Inc.,Digital Room,Digital Room,First Lien
DRI Holding Inc.,Digital Room (Term Loan),Digital Room,First Lien
DRS Holdings III,Dr. Scholl's (Term Loan),Dr. Scholl's,First Lien
"DRS Holdings III, Inc.",Dr. Scholl's (Term Loan),Dr. Scholl's,First Lien
"DRS Holdings III, Inc. ",Dr. Scholl's (Term Loan),Dr. Scholl's,First Lien
"DRS Holdings III, Inc. - Funded Revolver",Dr. Scholl's (Revolver),Dr. Scholl's,First Lien
"DRS Holdings III, Inc. - Unfunded Revolver",Dr. Scholl's (Revolver),Dr. Scholl's,First Lien
DX Electric,DX Electric (Revolver),DX Electric,First Lien
"DX Electric Company, LLC",DX Electric (Common Equity),DX Electric,Common Equity
"DX Electric Company, LLC",DX Electric (Term Loan),DX Electric,First Lien
"DX Electric Company, LLC",DX Electric (Revolver),DX Electric,First Lien
"Data Axle, Inc.",Infogroup,Infogroup,Second Lien
Datalot Inc.,Datalot (TL),"",First Lien
Datalot Inc. - Funded Revolver,Datalot (Revolver),"",First Lien
Datalot Inc. - Unfunded Revolver,Datalot (Revolver),"",First Lien
DecoPac Holdings Inc.,DecoPac (Equity),"",Common Equity
"DecoPac, Inc.",DecoPac (Second Lien),"",Second Lien
"Deerfield Dakota Holding, LLC",Kroll (TL),Kroll,First Lien
Delta InvestCo LP,Sigma Defense (Equity),Sigma Defense,Common Equity
"Delta InvestCo LP (Sigma Defense Systems, LLC)",Sigma Defense (Equity),Sigma Defense,Common Equity
"Delta InvestCo LP (Sigma Defense Systems, LLC) - Unfunded",Sigma Defense (Equity),Sigma Defense,Common Equity
Delta InvestCo LP - Unfunded,Sigma Defense (Equity),Sigma Defense,Common Equity
DermaRite Industries LLC,DermaRite,DermaRite,First Lien
Douglas Products and Packaging Company LLC,Douglas (Term Loan),Douglas,First Lien
Douglas Products and Packaging Company LLC - Funded Revolver,Douglas (Revolver),Douglas,First Lien
Douglas Products and Packaging Company LLC - Unfunded Revolver,Douglas (Revolver),Douglas,First Lien
Douglas Products and Packaging Company LLC(1st),Douglas (Term Loan),Douglas,First Lien
"Douglas Sewer Intermediate, LLC",Douglas (Term Loan),Douglas,First Lien
"Douglas Sewer Intermediate, LLC ",Douglas (Term Loan),Douglas,First Lien
"Douglas Sewer Intermediate, LLC - Unfunded Term Loan",Douglas (Term Loan),Douglas,First Lien
"Dr. Squatch, LLC",Dr. Squatch (Term Loan),Dr. Squatch,First Lien
"Dr. Squatch, LLC - Funded Revolver",Dr. Squatch (Revolver),Dr. Squatch,First Lien
"Dr. Squatch, LLC - Revolver",Dr. Squatch (Revolver),Dr. Squatch,First Lien
"Dr. Squatch, LLC - Term Loan",Dr. Squatch (Term Loan),Dr. Squatch,First Lien
"Dr. Squatch, LLC - Unfunded Revolver",Dr. Squatch (Revolver),Dr. Squatch,First Lien
"Dr. Squatch, LLC - Unfunded Term Loan",Dr. Squatch (DDTL),Dr. Squatch,First Lien
"Duggal Acquisition,  LLC",Duggal (Common Equity),Duggal Visual Solutions,Common Equity
"Duggal Acquisition,  LLC",Duggal (Term Loan),Duggal Visual Solutions,First Lien
"Duggal Acquisition,  LLC",Duggal (DDTL),Duggal Visual Solutions,First Lien
"Duggal Acquisition,  LLC",Duggal (Revolver),Duggal Visual Solutions,First Lien
Duraco Specialty Tapes LLC,Duraco (Term Loan),The Duraco Group,First Lien
Duraco Specialty Tapes LLC - Unfunded Term Loan,Duraco (DDTL),The Duraco Group,First Lien
ECL Entertainment,ECL Entertainment (Term Loan),ECL Entertainment,First Lien
"ECL Entertainment, LLC",ECL Entertainment (Term Loan),ECL Entertainment,First Lien
"ECM Industries, LLC",ECM Industries (TL),ECM Industries,First Lien
"ECM Industries, LLC - Funded Revolver",ECM Industries (RC),ECM Industries,First Lien
"ECM Industries, LLC - Unfunded Revolver",ECM Industries (RC),ECM Industries,First Lien
"ECM Investors, LLC",ECM Industries (Common Equity),ECM Industries,Common Equity
"ECM Investors, LLC (Common)",ECM Industries (Common Equity),ECM Industries,Common Equity
"EDS Buyer, LLC",Epiq (TL),Epiq,First Lien
"EDS Buyer, LLC",Epiq (Revolver),Epiq,First Lien
"EDS Buyer, LLC ",Epiq (DDTL),Epiq,First Lien
"EDS Topco, LLC",Epiq (Common),Epiq,Common Equity
ENC Parent Corporation,Evans Network (1L),Evans Network,First Lien
ENC Parent Corporation,Evans Network (2L),Evans Network,Second Lien
ETE INTERMEDIATE II LLC,Engine & Transmission Exchange (Term Loan),Engine & Transmission Exchange,First Lien
ETE INTERMEDIATE II LLC,Engine & Transmission Exchange (Revolver),Engine & Transmission Exchange,First Lien
"ETX Energy Management Company, LLC (f/k/a NGR Management Company, LLC)",New Gulf Resources (Common),New Gulf Resources,Common Equity
"ETX Energy, LLC",New Gulf Resources (Preferred),New Gulf Resources,Preferred Equity
"ETX Energy, LLC (f/k/a New Gulf Resources, LLC)",New Gulf Resources (Common),New Gulf Resources,Common Equity
EVAL HOME HEALTH SOLUTIONS INTERMEDIATE L.L.C.,EvAl (Term Loan),EvAl,First Lien
EVAL HOME HEALTH SOLUTIONS INTERMEDIATE L.L.C.,EvAl (Revolver),EvAl,First Lien
"EVAL HOME HEALTH SOLUTIONS, L.L.C.",EvAl (Common Equity),EvAl,Common Equity
"EXPRESS WASH ACQUISITION COMPANY, LLC",Magnolia (Subordinated Debt),Magnolia,Subordinated Debt
East Valley Tourist Development Authority,Fantasy Springs,"",First Lien
"Education Networks of America, Inc.",Education Networks (TL),"",First Lien
"Education Networks of America, Inc. (2.50% PIK)",Education Networks (TL),"",First Lien
"Education Networks of America, Inc. - Funded Revolver",Education Networks (Revolver),"",First Lien
"Education Networks of America, Inc. - Unfunded Revolver",Education Networks (Revolver),"",First Lien
"Efficient Collaborative Retail Marketing Company, LLC",ECRM,ECRM,First Lien
"Eisner Advisory Group, LLC",EisnerAmper (Term Loan B),EisnerAmper,First Lien
Electro Rent Corporation,Electro Rent,Electro Rent,Second Lien
Electro Rent Corporation,Electro Rent (1L),Electro Rent,First Lien
Emergency Care Partners LLC,Emergency Care Partners (DDTL),Emergency Care Partners,First Lien
Emergency Care Partners LLC,Emergency Care Partners (Term Loan),Emergency Care Partners,First Lien
Emergency Care Partners LLC,Emergency Care Partners (Revolver),Emergency Care Partners,First Lien
"Empire Resorts, Inc.",Empire Resorts,"",First Lien
"Events Buyer, LLC","360DG (Revolver)","360DG",First Lien
"Events Buyer, LLC","360DG (Term Loan)","360DG",First Lien
"Events Buyer, LLC","360DG (DDTL B)","360DG",First Lien
"Events Buyer, LLC","360DG (DDTL A)","360DG",First Lien
"Events Buyer, LLC","360DG (Common Equity)","360DG",First Lien
"Events TopCo, LP ","360DG (Common Equity)","360DG",Common Equity
"Exigo Intermediate II, LLC",Exigo (Term Loan),Exigo,First Lien
"Exigo Intermediate II, LLC - Funded Revolver",Exigo (Revolver),Exigo,First Lien
"Exigo Intermediate II, LLC - Unfunded Revolver",Exigo (Revolver),Exigo,First Lien
"Exigo Intermediate II, LLC - Unfunded Term Loan",Exigo (DDTL),Exigo,First Lien
Exigo LLC - Equity,Exigo (Common Equity),Exigo,Common Equity
"Exigo, LLC",Exigo (Common Equity),Exigo,Common Equity
"Express Wash Acquisition Company, LLC",Magnolia (First Lien Term Loan),Magnolia,First Lien
"Express Wash Acquisition Company, LLC",Magnolia (Revolver),Magnolia,First Lien
"Express Wash Topco, LLC",Magnolia (Common Equity),Magnolia,Common Equity
"Express Wash Topco, LLC",Magnolia (Preferred Equity),Magnolia,Common Equity
EyeCare Partners,Eyecare Partners (SOTL),EyeCare Partners,Second Lien
Fairbanks More Defense,Fairbanks Morse Defense (Term Loan),Fairbanks Morse Defense,First Lien
Fairbanks Morse Defense,Fairbanks Morse Defense (Term Loan),Fairbanks Morse Defense,First Lien
"Falcon Investment Holdings, L.P.",nThrive (Senior Common Equity),nThrive,Common Equity
"Falcon Investment Holdings, L.P. - Funded Senior Common Equity",nThrive (Senior Common Equity),nThrive,Common Equity
"Falcon Investment Holdings, L.P. - Unfunded",nThrive (Senior Common Equity - Unfunded),nThrive,Common Equity
"Falcon Investment Holdings, L.P. - Unfunded Senior Common Equity",nThrive (Senior Common Equity - Unfunded),nThrive,Common Equity
FedHC InvestCo II LP,Federal Advisory Partners (Common Equity),Federal Advisory Partners,Common Equity
FedHC InvestCo LP,Federal Advisory Partners (Common Equity),Federal Advisory Partners,Common Equity
FedHC InvestCo LP - Unfunded,Federal Advisory Partners (Common Equity),Federal Advisory Partners,Common Equity
Findex Group Limited,Findex (TL),Findex,First Lien
"First Medical MSO, LLC",First Medical Associates (DDTL),First Medical Associates,First Lien
"First Medical MSO, LLC",First Medical Associates (Term Loan),First Medical Associates,First Lien
"First Medical MSO, LLC",First Medical Associates (Revolver),First Medical Associates,First Lien
"First Medical MSO, LLC",First Medical Associates (Common Equity),First Medical Associates,Common Equity
"Five Star Buyer, Inc. - Revolver",Five Star (Revolver),Five Star,First Lien
"Five Star Buyer, Inc. - Revolver ",Five Star (Revolver),First Star,First Lien
"Five Star Buyer, Inc. - Unfunded Term Loan ",Five Star (DDTLB),First Star,First Lien
"Five Star Buyer, Inc. ",Five Star (TL),First Star,First Lien
"Five Star Buyer, Inc. ",Five Star (Preferred Equity),First Star,First Lien
"Five Star Parent Holdings, LLC",Five Star (Common Equity),Five Star,Common Equity
"Five Star Parent Holdings, LLC  ",Five Star (Common Equity),First Star,Common Equity
"FlexPrint, LLC",FlexPrint (Term Loan),"",First Lien
"FlexPrint, LLC - DDTL",FlexPrint (DDTL),"",First Lien
"FlexPrint, LLC - Unfunded Term Loan",FlexPrint (DDTL),"",First Lien
"Flock Financial, LLC",Flock Financial (Mezzanine),Flock Financial,Subordinated Debt
GAUGE ETE BLOCKER LLC,Engine & Transmission Exchange (Promissory Note),Engine & Transmission Exchange,Promissory Note
GAUGE ETE BLOCKER LLC,Engine & Transmission Exchange (Common Equity),Engine & Transmission Exchange,Common Equity
GCOM InvestCo LP,GCOM (Common Equity),GCOM,Common Equity
GCOM InvestCo LP (Unfunded),GCOM (Common Equity),GCOM,Common Equity
GCOM Software LLC,GCOM (Term Loan),GCOM,First Lien
GCOM Software LLC ,GCOM (Term Loan),GCOM,First Lien
GCOM Software LLC - Funded Revolver,GCOM (Revolver),GCOM,First Lien
GCOM Software LLC - Unfunded Revolver,GCOM (Revolver),GCOM,First Lien
"GCP Boss Holdco, LLC",Boss Industries (Common Equity),Boss Industries,Common Equity
"GGG Midco, LLC",Guild Garage Group (DDTL),Guild Garage Group,First Lien
"GGG Midco, LLC",Guild Garage Group (Term Loan),Guild Garage Group,First Lien
"GGG Midco, LLC",Guild Garage Group (Revolver),Guild Garage Group,First Lien
"GGG Topco, LLC",Guild Garage Group (Common Equity),Guild Garage Group,Common Equity
"GLD, LLC",GLD (Term Loan),GLD,First Lien
"GMP HILLS, LP",Plimpton & Hills (Common Equity),Plimpton & Hills,Common Equity
"GRAFFITI BUYER, INC.",Painters Supply and Equipment (Term Loan),Painters Supply and Equipment,First Lien
"GRAFFITI BUYER, INC. - Unfunded Revolver",Painters Supply and Equipment (Revolver),Painters Supply and Equipment,First Lien
"GRAFFITI BUYER, INC. - Unfunded Term Loan",Painters Supply and Equipment (DDTL),Painters Supply and Equipment,First Lien
Gantech Acquisition Corp.,GCOM (Term Loan),GCOM,First Lien
Gantech Acquisition Corp. - Funded Revolver,GCOM (Revolver),GCOM,First Lien
Gantech Acquisition Corp. - Unfunded Revolver,GCOM (Revolver),GCOM,First Lien
Gauge Infosoft Coinvest LLC,Infosoft (Common Equity),Infosoft,Common Equity
"Gauge InfosoftCoInvest, LLC (The Infosoft Group, LLC)",Infosoft (Common Equity),Infosoft,Common Equity
Gauge Lash Coinvest LLC,Lilly Lashes (Equity),Lilly Lashes,Common Equity
Gauge Loving Tan LP,Loving Tan (Equity),Loving Tan,Common Equity
Gauge Schlesinger Coinvest LLC,Schlesinger (Term Loan),Schlesinger,Term Loan
Gauge Schlesinger Coinvest LLC,Schlesinger (Equity),Schlesinger,Common Equity
"Gauge TVC Coinvest, LLC (TVC Enterprises, LLC)",TVC (Equity),TVC,Common Equity
"Gen3 Marketing, LLC - Unfunded Revolver",Gen3 Marketing (Revolver),Gen3 Marketing,First Lien
"Gen3 Marketing, LLC - Unfunded Term Loan",Gen3 Marketing (DDTL),Gen3 Marketing,First Lien
Global Holdings InterCo LLC,Global (Term Loan),Global,First Lien
"Go Dawgs Capital III, LP (American Insulated Glass, LLC)",American Insulated Glass (Common Equity),American Insulated Glass,Common Equity
Good2Grow LLC,Good2Grow (Term Loan),Good2Grow,First Lien
Good2Grow LLC - Funded Revolver,Good2Grow (Revolver),Good2Grow,First Lien
Good2Grow LLC - Unfunded Revolver,Good2Grow (Revolver),Good2Grow,First Lien
Good2Grow LLC - Unfunded Revolver - LC,Good2Grow (Revolver),Good2Grow,First Lien
"Graffiti Buyer, Inc. - Funded Revolver",Painters Supply and Equipment (Revolver),Painters Supply and Equipment,First Lien
"Green Veracity Holdings, LP - Class A (VT Topco, Inc.)",Veritext (Equity),Veritext,Common Equity
HEC Purchaser Corp,Health-E Commerce (Term Loan),Health-E Commerce,First Lien
"HILLS DISTRIBUTION, INC.",Plimpton & Hills (TL),Plimpton & Hills,First Lien
"HILLS DISTRIBUTION, INC.",Plimpton & Hills (DDTL),Plimpton & Hills,First Lien
"HPA SPQ Aggregator, LP - Equity",Sparq (Common Equity),Sparq,Common Equity
"HPA SPQ Buyer, Inc. - DDTL",Sparq (DDTL),Sparq,First Lien
"HPA SPQ Buyer, Inc. - Revolver",Sparq (Revolver),Sparq,First Lien
"HPA SPQ Buyer, Inc. - Term Loan",Sparq (TL),Sparq,First Lien
"HUCKABEE ACQUISITION, LLC",MOREgroup (DDTL),MOREgroup,First Lien
"HUCKABEE ACQUISITION, LLC",MOREgroup (Revolver),MOREgroup,First Lien
"HUCKABEE ACQUISITION, LLC",MOREgroup (Term Loan),MOREgroup,First Lien
"HV Watterson Holdings, LLC",Watterson (TL),Watterson,First Lien
"HV Watterson Holdings, LLC (Common)",Watterson (Equity),Watterson,Common Equity
"HV Watterson Holdings, LLC - Unfunded Revolver",Watterson (Revolver),Watterson,First Lien
"HV Watterson Holdings, LLC - Unfunded Term Loan",Watterson (DDTL),Watterson,First Lien
"HV Watterson Parent, LLC",Watterson (Equity),Watterson,Common Equity
"HW Holdco, LLC",Hanley Wood (TL),Hanley Wood,First Lien
"HW Holdco, LLC - DDTL",Hanley Wood (DDTL),Hanley Wood,First Lien
"HW Holdco, LLC - Funded Revolver",Hanley Wood (Revolver),Hanley Wood,First Lien
"HW Holdco, LLC - Unfunded Revolver",Hanley Wood (Revolver),Hanley Wood,First Lien
"HW Holdco, LLC - Unfunded Term Loan",Hanley Wood (DDTL),Hanley Wood,First Lien
"HW Holdco, LLC(C) ","","",""
"HW Holdco, LLC(P) ","","",""
"HW Holdco, LLC.",Hanley Wood (TL),Hanley Wood,First Lien
"Halo Buyer, Inc.",Halo (Revolver),HALO,First Lien
"Halo Buyer, Inc.",Halo (Term Loan),HALO,First Lien
"Hancock Claims Consultants Investors, LLC",Hancock (Common Equity),Hancock,Common Equity
Hancock Roofing and Construction L.L.C.,Hancock (Term Loan),Hancock,First Lien
Hancock Roofing and Construction L.L.C. - Common Equity,Hancock (Common Equity),Hancock,Common Equity
Hancock Roofing and Construction L.L.C. - DDTL,Hancock (DDTL),Hancock,First Lien
Hancock Roofing and Construction L.L.C. - Funded Revolver,Hancock (Revolver),Hancock,First Lien
Hancock Roofing and Construction L.L.C. - Term Loan,Hancock (Term Loan),Hancock,First Lien
Hancock Roofing and Construction L.L.C. - Unfunded Revolver,Hancock (Revolver),Hancock,First Lien
Hancock Roofing and Construction L.L.C. - Unfunded Term Loan,Hancock (DDTL),Hancock,First Lien
Harris & Co. LLC,Harris (Revolver),Harris,First Lien
Harris & Co. LLC,Harris (Term Loan),Harris,First Lien
Harris & Co. LLC,Harris (DDTL B),Harris,First Lien
Harris & Co. LLC,Harris (DDTL A),Harris,First Lien
HelpSystems,HelpSystems (TL),HelpSystems,First Lien
"Hightower Holding, LLC",Hightower (Term Loan),Hightower,First Lien
"Highwire Public Relations, LLC",Highwire (Term Loan),Highwire,First Lien
"Highwire Public Relations, LLC",Highwire (Revolver),Highwire,First Lien
"Highwire Public Relations, LLC",Highwire (DDTL),Highwire,First Lien
"HoldCo Sands Intermediate, LLC  A/K/A Smartronix (New Issue)",Smartronix / Trident (TL),Smartronix / Trident,First Lien
"Holdco Sands Intermediate, LLC",Smartronix / Trident (TL),Smartronix / Trident,First Lien
"Holdco Sands Intermediate, LLC - Unfunded Revolver",Smartronix / Trident (Revolver),Smartronix / Trident,First Lien
"Hollander Sleep Products, LLC",Hollander,"",First Lien
"Hollander Sleep Products, LLC - DIP Funded",Hollander (DIP Term Loan),"",First Lien
"Hollander Sleep Products, LLC - DIP Unfunded",Hollander (DIP Term Loan),"",First Lien
"IDC Infusion Services, Inc.",IDC Infusion Services (Term Loan),IDC Infusion Services,First Lien
"IDC Infusion Services, Inc. - Funded Revolver",IDC Infusion Services (Revolver),IDC Infusion Services,First Lien
"IDC Infusion Services, Inc. - Unfunded Revolver",IDC Infusion Services (Revolver),IDC Infusion Services,First Lien
"IDC Infusion Services, Inc. - Unfunded Term Loan",IDC Infusion Services (DDTL),IDC Infusion Services,First Lien
"IG Investments Holdings, LLC",Insight Global (TL),Insight Global,First Lien
"IG Investments Holdings, LLC - Funded Revolver",Insight Global (Rev),Insight Global,First Lien
"IG Investments Holdings, LLC - Unfunded Revolver",Insight Global (Rev),Insight Global,First Lien
"IHS Parent Holdings, L.P.",Infinity Home Services (Common Equity),Infinity Home Services,Common Equity
"IIN Group Holdings, LLC (Integrative Nutrition, LLC)",Integrative Nutrition (Equity),Integrative Nutrition,Common Equity
"IMIA Holdings, Inc.",IMIA (Term Loan),"",First Lien
"IMIA Holdings, Inc. - Funded Revolver",IMIA (Revolver),"",First Lien
"IMIA Holdings, Inc. - Term Loan",IMIA (Term Loan),"",First Lien
"IMIA Holdings, Inc. - Unfunded Revolver",IMIA (Revolver),"",First Lien
"IMIA Holdings, Inc. - Unfunded Revolver - LC",IMIA (Revolver),"",First Lien
"IMPACT ADVISORS, LLC",Impact Advisors (Revolver),Impact Advisors,First Lien
"IMPACT ADVISORS, LLC",Impact Advisors (DDTL),Impact Advisors,First Lien
"IMPACT ADVISORS, LLC",Impact Advisors (Term Loan),Impact Advisors,First Lien
"ITC INFUSION CO-INVEST, LP",IDC Infusion Services (Common Equity),IDC Infusion Services,Common Equity
"ITC Rumba, LLC (Cano Health, LLC)",Cano Health (Equity),Cano Health,Common Equity
"ITC Rumba, LLC (Cano Health, LLC) - Unfunded",Cano Health (Equity),Cano Health,Common Equity
"ITC Rumba, LLC - Unfunded (Cano Health, LLC)",Cano Health (Equity),Cano Health,Common Equity
"ITI Holdings, Inc.","Intellectual Technology, Inc. (TL)",Intellectual Technology,First Lien
"ITI Holdings, Inc. - Unfunded Revolver","Intellectual Technology, Inc. (Rev)",Intellectual Technology,First Lien
"Icon Partners III, LP",Wheel Pros (1L),Wheel Pros,First Lien
"Icon Partners III, LP (Wheel Pros Holdings, L.P.)",Wheel Pros (Equity),Wheel Pros,Common Equity
"Icon Partners III, LP (Wheel Pros Holdings, L.P.) - Unfunded",Wheel Pros (Equity),Wheel Pros,Common Equity
"Icon Partners III, LP - Term Loan",Wheel Pros (1L),Wheel Pros,First Lien
"Icon Partners V C, L.P.",Symplr (Common Equity),Symplr,Common Equity
"Icon Partners V C, L.P. - Unfunded",Symplr (Common Equity - Unfunded),Symplr,Common Equity
"Icon Partners V, L.P. - Funded Common Equity",Symplr (Common Equity),Symplr,Common Equity
"Icon Partners V, L.P. - Unfunded Common Equity",Symplr (Common Equity - Unfunded),Symplr,Common Equity
"Idera, Inc.",Idera (Term Loan),Idera,First Lien
"Imagine Acquisitionco, LLC",ImagineAcquisitionCo (Term Loan),ImagineAcquisitionCo,First Lien
"Imagine Acquisitionco, LLC - Unfunded Revolver",ImagineAcquisitionCo (Revolver),ImagineAcquisitionCo,First Lien
"Imagine Acquisitionco, LLC - Unfunded Term Loan",ImagineAcquisitionCo (DDTL),ImagineAcquisitionCo,First Lien
"Imagine Topco, LP (Common)",Imagine Topco. L.P. (Common Equity - Series B),ImagineAcquisitionCo,Common Equity
"Imagine Topco, LP (Preferred)",Imagine Topco. L.P. (Preferred Equity - Series A),ImagineAcquisitionCo,Preferred Equity
Imagine Topco. L.P. - Common Equity,Imagine Topco. L.P. (Common Equity - Series B),ImagineAcquisitionCo,Common Equity
Imagine Topco. L.P. - Preferred Equity,Imagine Topco. L.P. (Preferred Equity - Series A),ImagineAcquisitionCo,Preferred Equity
"Inception Fertility Ventures, LLC",Prelude (Term Loan),Prelude,First Lien
"Inception Fertility Ventures, LLC - Incremental Term Loan)",Prelude (Incremental Term Loan),Prelude,First Lien
"Inception Fertility Ventures, LLC - Unfunded DDTL",Prelude (DDTL),Prelude,First Lien
"Inception Fertility Ventures, LLC - Unfunded Term Loan",Prelude (DDTL),Prelude,First Lien
"Infinity Home Services Holdco, Inc.",Infinity Home Services (Common Equity),Infinity Home Services,Common Equity
"Infinity Home Services Holdco, Inc.",Infinity Home Services (Term Loan),Infinity Home Services,First Lien
"Infinity Home Services Holdco, Inc. (CAD)",Infinity Home Services (DDTL),Infinity Home Services,First Lien
"Infinity Home Services Holdco, Inc. (CAD)",Infinity Home Services (DDTL) CAD,Infinity Home Services,First Lien
"Infinity Home Services Holdco, Inc. - Delayed Draw Term Loan",Infinity Home Services (DDTL),Infinity Home Services,First Lien
"Infinity Home Services Holdco, Inc. - Revolver",Infinity Home Services (Revolver),Infinity Home Services,First Lien
"Infogroup Parent Holdings, Inc.",Infogroup (C Equity),Infogroup,Common Equity
"Infogroup Parent Holdings, Inc. (Data Axle, Inc.)",Infogroup (C Equity),Infogroup,Common Equity
"Infogroup, Inc.",Infogroup,Infogroup,Second Lien
Infolinks (Common Equity),Infolinks (Common Equity),Infolinks,Common Equity
"Infolinks Media Buyco, LLC",Infolinks (TL),Infolinks,First Lien
"Infolinks Media Buyco, LLC- Unfunded Term Loan",Infolinks (DDTL),Infolinks,First Lien
Innova Medical Ophthalmics Inc.,Innova Medical Ophthalmics Inc. (TL),Innova Medical Ophthalmics Inc.,First Lien
Innova Medical Ophthalmics Inc. - Funded Revolver,Innova Medical Ophthalmics Inc. (Rev),Innova Medical Ophthalmics Inc.,First Lien
Innova Medical Ophthalmics Inc. - Unfunded Revolver,Innova Medical Ophthalmics Inc. (Rev),Innova Medical Ophthalmics Inc.,First Lien
"Inovex Information Systems, Inc.",RealmOne (Revolver),RealmOne,First Lien
"Inovex Information Systems, Inc.",RealmOne (Term Loan),RealmOne,First Lien
"Inovex Information Systems, Inc.",RealmOne (DDTL),RealmOne,First Lien
"Integrative Nutrition, LLC ","Integrative Nutrition 
(Term Loan)",Integrative Nutrition,First Lien
"Integrative Nutrition, LLC - Funded Revolver",Integrative Nutrition (Revolver),Integrative Nutrition,First Lien
"Integrative Nutrition, LLC - Unfunded Revolver",Integrative Nutrition (Revolver),Integrative Nutrition,First Lien
"Integrity Marketing Acquisition, LLC",Integrity Marketing (TL),Integrity Marketing,First Lien
"Integrity Marketing Acquisition, LLC ",Integrity Marketing (TL),Integrity Marketing,First Lien
"Integrity Marketing Acquisition, LLC  - Preferred Equity",Integrity Marketing (Preferred Equity),Integrity Marketing,Preferred Equity
"Integrity Marketing Acquisition, LLC  - Unfunded Term Loan",Integrity Marketing (DDTL),Integrity Marketing,First Lien
"Integrity Marketing Acquisition, LLC - Unfunded Term Loan",Integrity Marketing (DDTL),Integrity Marketing,First Lien
"Integrity Marketing Group, LLC (Preferred)",Integrity Marketing (Preferred Equity),Integrity Marketing,Preferred Equity
"Intermediate Transportation 100, LLC (ALL PIK)",Greatwide (2L),"",Second Lien
Inventus Power Inc.,Inventus (2L),Inventus,Second Lien
"Inventus Power, Inc.",Inventus (2L),Inventus,Second Lien
"Inventus Power, Inc. ",Inventus (Revolver),Inventus,First Lien
"Inventus Power, Inc. ",Inventus (TL),Inventus,First Lien
"Inventus Power, Inc. ",Inventus (2L),Inventus,Second Lien
"Ironclad Holdco, LLC",Applied Technical Services (Common Equity),Applied Technical Services,Common Equity
"Ironclad Holdco, LLC (Applied Technical Services, LLC)",Applied Technical Services (Common Equity),Applied Technical Services,Common Equity
"JWC-WE Holdings, L.P. (Walker Edison Furniture Company LLC)",Walker Edison (Common),Walker Edison,Common Equity
"JWC/UMA Holdings, L.P.",New Jersey Urology (Common),"",Common Equity
Jones & Frank,Jones & Frank (Common),Jones & Frank,Common Equity
"Juniper Landscaping of Florida, LLC",Juniper (Term Loan),"",First Lien
"K2 Pure Solutions NoCal, L.P.",K2 (Term Loan),K2,First Lien
"K2 Pure Solutions NoCal, L.P. - Funded Revolver",K2 (Revolver),K2,First Lien
"K2 Pure Solutions NoCal, L.P. - Unfunded Revolver",K2 (Revolver),K2,First Lien
"KHC Holdings, Inc.",Kele (Term Loan),"",First Lien
"KHC Holdings, Inc. - Funded Revolver",Kele (Revolver),"",First Lien
"KHC Holdings, Inc. - Unfunded Revolver",Kele (Revolver),"",First Lien
KL Stockton Co-Invest LP (Any Hour Services),Any Hour Services (Common Equity),Any Hour Services,Common Equity
KL Stockton Co-Invest LP - Equity,Any Hour Services (Common Equity),Any Hour Services,Common Equity
"Kadmon Holdings, Inc.",Kadmon/Three Rivers (Common),Kadmon/Three Rivers,Common Equity
"Keel Platform, LLC",Pegasus Steel (Term Loan),Pegasus Steel,First Lien
"Keel Platform, LLC - Unfunded Term Loan",Pegasus Steel (DDTL),Pegasus Steel,First Lien
"Kentucky Downs, LLC",Kentucky Downs (Term Loan),"",First Lien
"Kentucky Downs, LLC - DDTL A",Kentucky Downs (DDTL A),"",First Lien
"Kentucky Downs, LLC - DDTL B",Kentucky Downs (DDTL B),"",First Lien
"Kentucky Downs, LLC - Delayed Draw Term Loan A",Kentucky Downs (DDTL A),"",First Lien
"Kentucky Downs, LLC - Delayed Draw Term Loan B",Kentucky Downs (DDTL B),"",First Lien
"Kentucky Racing Holdco, LLC",Kentucky Downs (Warrants),ECL Entertainment,Common Equity
"Kentucky Racing Holdco, LLC (Warrants)",Kentucky Downs (Warrants),ECL Entertainment,Common Equity
"Kinetic Purchaser, LLC",KNS (Term Loan),KNS,First Lien
"Kinetic Purchaser, LLC (Common)",KNS (Equity),KNS,Common Equity
"Kinetic Purchaser, LLC - Funded Revolver",KNS (Revolver),KNS,First Lien
"Kinetic Purchaser, LLC - Unfunded Revolver",KNS (Revolver),KNS,First Lien
"LAV Gear Holdings, Inc.","4Wall Entertainment (Term Loan)","4Wall Entertainment",First Lien
"LAV Gear Holdings, Inc. - Funded Revolver","4Wall Entertainment (Revolver)","4Wall Entertainment",First Lien
"LAV Gear Holdings, Inc. - Unfunded Revolver","4Wall Entertainment (Revolver)","4Wall Entertainment",First Lien
"LAV Gear Holdings, Inc. - Unfunded Term Loan","4Wall Entertainment (DDTL)","4Wall Entertainment",First Lien
"LEP Pequod Holdings, LP",Simplicity Group (Common Equity),Simplicity Group,Common Equity
"LJ Avalon Holdings, LLC",Ardurra (DDTL),Ardurra,First Lien
"LJ Avalon Holdings, LLC",Ardurra (Term Loan),Ardurra,First Lien
"LJ Avalon Holdings, LLC",Ardurra (Revolver),Ardurra,First Lien
"LJ Avalon, LP",Ardurra (Common Equity),Ardurra,Common Equity
"LORIENT PEREGRINE INVESTMENT, LP",ShiftKey (Common Equity),ShiftKey,Common Equity
"LSF9 Atlantis Holdings, LLC",Victra (TL),Victra,First Lien
"LSF9 Atlantis Holdings, LLC",Z Wireless,Victra,First Lien
"LVC KINGSTON, LLC",Kingston Brass (Term Loan),Kingston Brass,First Lien
"LaMi Acquisition, LLC",LaMi (Common),LaMi,Common Equity
"Lariat ecoserv Co-Invest Holdings, LLC",OCS / NES (Common),OCS / NES,Common Equity
"Lash Opco, LLC",Lilly Lashes (TL),Lilly Lashes,First Lien
"Lash Opco, LLC - Funded Revolver",Lilly Lashes (Revolver),Lilly Lashes,First Lien
"Lash Opco, LLC - Term Loan",Lilly Lashes (TL),Lilly Lashes,First Lien
"Lash Opco, LLC - Unfunded Revolver",Lilly Lashes (Revolver),Lilly Lashes,First Lien
Leap Legal Software Pty Ltd,LEAP,LEAP,First Lien
"Ledge Lounger, Inc.",Ledge Lounger (Term Loan),Ledge Lounger,First Lien
"Ledge Lounger, Inc. - Funded Revolver",Ledge Lounger (Revolver),Ledge Lounger,First Lien
"Ledge Lounger, Inc. - Unfunded Revolver",Ledge Lounger (Revolver),Ledge Lounger,First Lien
LifeCare Holdings LLC (6.00% PIK),LifeCare,LifeCare,First Lien
Lightspeed Buyer Inc.,Centauri Health (TL),Centauri Health,First Lien
Lightspeed Buyer Inc. ,Centauri Health (TL),Centauri Health,First Lien
Lightspeed Buyer Inc. - Funded Revolver,Centauri Health (Revolver),Centauri Health,First Lien
Lightspeed Buyer Inc. - Unfunded Revolver,Centauri Health (Revolver),Centauri Health,First Lien
Lightspeed Buyer Inc. - Unfunded Term Loan,Centauri Health (DDTL),Centauri Health,First Lien
Lightspeed Investment Holdco LLC,Centauri Health (Equity),Centauri Health,Common Equity
Liqui-Box Holdings Inc.,Liqui-Box,"",First Lien
"Lombart Brothers, Inc.",Lombart Instrument (TL),Lombart Instrument,First Lien
"Lombart Brothers, Inc. - Funded Revolver",Lombart Instrument (Rev),Lombart Instrument,First Lien
"Lombart Brothers, Inc. - Unfunded Revolver",Lombart Instrument (Rev),Lombart Instrument,First Lien
"Long Island Vision Management, LLC",SightMD (TL),SightMD,First Lien
"Long Island Vision Management, LLC - Unfunded Term Loan",SightMD (DDTL),SightMD,First Lien
Long's Drugs Incorporated,Long's Drugs,"",First Lien
Long's Drugs Incorporated - Unfunded Revolver,Long's Drugs (Revolver),"",First Lien
Loving Tan Intermediate II Inc.,Loving Tan (TL),Loving Tan,First Lien
Loving Tan Intermediate II Inc.,Loving Tan (Revolver),Loving Tan,First Lien
"Lucky Bucks HoldCo, LLC",Lucky Bucks (Equity),Lucky Bucks,Common Equity
"Lucky Bucks, LLC",Lucky Bucks (TL),Lucky Bucks,First Lien
MAG DS Corp.,MAG Aerospace (TL),MAG Aerospace,First Lien
"MBS Holdings, Inc.",Momentum (Term Loan),Momentum,First Lien
"MBS Holdings, Inc. - Unfunded Revolver",Momentum (Revolver),Momentum,First Lien
MDI Aggregator LP,MDI (Equity),Molded Devices,Common Equity
"MDI Buyer, Inc",MDI (TLB),Molded Devices,First Lien
"MDI Buyer, Inc",MDI (DDTL),Molded Devices,First Lien
"MDI Buyer, Inc",MDI (Revolver),Molded Devices,First Lien
"MDI Buyer, Inc",MDI (TL),Molded Devices,First Lien
"MDI Buyer, Inc",MDI (DDTLB),Molded Devices,First Lien
"MDI Buyer, Inc.",MDI (TL),Molded Devices,First Lien
"MEDINA HEALTH, LLC",Comprehensive Rehab Consultants (Term Loan),Comprehensive Rehab Consultants,First Lien
"MEDINA HEALTH, LLC",Comprehensive Rehab Consultants (Revolver),Comprehensive Rehab Consultants,First Lien
"MEGAWATT ACQUISITIONCO, INC",Mission Microwave (Revolver),Mission Microwave,First Lien
"MEGAWATT ACQUISITIONCO, INC",Mission Microwave (Term Loan),Mission Microwave,First Lien
MOM AND POP ENTERTAINMENT LLC,Mom And Pop (Term Loan),Mom And Pop ,First Lien
"MSpark, LLC",MailSouth (Common Equity),Mailsouth,Common Equity
"Magenta Buyer, LLC",McAfee (First Lien),McAfee,First Lien
Magnolia,Magnolia (Preferred Equity),Magnolia,Preferred Equity
Magnolia,Magnolia (Common Equity),Magnolia,Preferred Equity
MailSouth Inc.,MailSouth (2L),Mailsouth,Second Lien
"MailSouth, Inc.",MailSouth (2L),Mailsouth,Second Lien
"MailSouth, Inc. (ALL PIK)",MailSouth (2L),Mailsouth,Second Lien
"Management Consulting & Research, LLC",MCR (Term Loan),MCR,First Lien
"Management Consulting & Research, LLC - Unfunded Revolver",MCR (Revolver),MCR,First Lien
"Manna Pro Products, LLC",Manna Pro (TL),Manna Pro,First Lien
"Manna Pro Products, LLC - DDTL",Manna Pro (DDTL),Manna Pro,First Lien
Marketplace Events LLC,Marketplace Events (CAD Term Loan),Marketplace Events,First Lien
Marketplace Events LLC (USD),Marketplace Events (USD Term Loan),Marketplace Events,First Lien
Marketplace Events LLC - Funded Revolver,Marketplace Events (Revolver),Marketplace Events,First Lien
Marketplace Events LLC - New DDTL,Marketplace Events (DDTL),Marketplace Events,First Lien
Marketplace Events LLC - Super Priority First Lien,Marketplace Events (USD Term Loan),Marketplace Events,First Lien
Marketplace Events LLC - Super Priority First Lien - DDTL,Marketplace Events (DDTL),Marketplace Events,First Lien
Marketplace Events LLC - Unfunded Revolver,Marketplace Events (Revolver),Marketplace Events,First Lien
"Marketplace Events, LLC",Marketplace Events (USD Term Loan),Marketplace Events,First Lien
"Marketplace Events, LLC - Super Priority First Lien Term Loan",Marketplace Events (USD Term Loan),Marketplace Events,First Lien
"Marketplace Events, LLC - Super Priority First Lien Unfunded Term Loan",Marketplace Events (DDTL),Marketplace Events,First Lien
Mars Acquisition Holdings Corp.,Mars Agency (Term Loan),Mars Agency,First Lien
Mars Acquisition Holdings Corp. - Unfunded Revolver,Mars Agency (Revolver),Mars Agency,First Lien
"Mars Intermediate Holdings II, Inc. (Common)",Mars Agency (Common Equity),Mars Agency,Common Equity
"Mars Intermediate Holdings II, Inc. (Preferred)",Mars Agency (Preferred Equity),Mars Agency,Preferred Equity
"Maury Microwave, Inc",Maury Microwave (Term Loan),Maury Microwave,First Lien
"McAfee, LLC (First Lien)",McAfee (First Lien),McAfee,First Lien
"Meadowlark Acquirer, LLC",Meadowlark (Term Loan),Meadowlark,First Lien
"Meadowlark Acquirer, LLC - Unfunded Revolver",Meadowlark (Revolver),Meadowlark,First Lien
"Meadowlark Acquirer, LLC - Unfunded Term Loan I",Meadowlark (DDTL I),Meadowlark,First Lien
"Meadowlark Acquirer, LLC - Unfunded Term Loan II",Meadowlark (DDTL II),Meadowlark,First Lien
"Meadowlark Title, LLC",Meadowlark (Common Equity),Meadowlark,Common Equity
"Meadowlark Title, LLC - Equity",Meadowlark (Common Equity),Meadowlark,Common Equity
"MedAssets Software Intermediate Holdings, Inc.",nThrive (Term Loan),"",First Lien
"MedAssets Software Preferred Intermediate Holdings, Inc.",nThrive (Preferred Equity),nThrive,Preferred Equity
"MedAssets Software Preferred Intermediate Holdings, Inc. (Preferred)",nThrive (Preferred Equity),nThrive,Preferred Equity
"Megawatt Acquisition Partners, LLC",Mission Microwave (Common Equity),Mission Microwave,Common Equity
"MeritDirect Holdings, LP (C)",MeritDirect (Common Equity),MeritDirect,Common Equity
"MeritDirect Holdings, LP (Common)",MeritDirect (Common Equity),MeritDirect,Common Equity
"MeritDirect Holdings, LP (P)",MeritDirect (Preferred Equity),MeritDirect,Preferred Equity
"MeritDirect Holdings, LP (Preferred)",MeritDirect (Preferred Equity),MeritDirect,Preferred Equity
"MeritDirect, LLC - Funded Revolver",MeritDirect (Revolver),MeritDirect,First Lien
"MeritDirect, LLC - Unfunded Revolver",MeritDirect (Revolver),MeritDirect,First Lien
Michael Baker International LLC,Michael Baker (Term Loan),Michael Baker,First Lien
MidOcean JF Holdings Corp.,Jones & Frank (Common),Jones & Frank,Common Equity
MidOcean JF Holdings Corp. (P),Jones & Frank (Preferred),Jones & Frank,Preferred Equity
MidOcean JF Holdings Corp. (Series B),Jones & Frank (Series B),Jones & Frank,Preferred Equity
MidOcean JF Holdings Corp. (TL),Jones & Frank (TL),Jones & Frank,First Lien
Mission Critical Electronics - Funded Revolver,MCE (Revolver),Mission Critical Electronics,First Lien
Mission Critical Electronics - Unfunded Revolver,MCE (Revolver),Mission Critical Electronics,First Lien
Mission Critical Electronics Inc.,MCE (TL),Mission Critical Electronics,First Lien
"Mission Critical Electronics, Inc.",MCE (TL),Mission Critical Electronics,First Lien
"Mission Critical Electronics, Inc. - Unfunded Term Loan",MCE (DDTL),Mission Critical Electronics,First Lien
Mitchell International Inc.,Mitchell (TL),Mitchell,First Lien
"Municipal Emergency Services, Inc.",MES (Term Loan),MES,First Lien
"Municipal Emergency Services, Inc. ",MES (Term Loan),MES,First Lien
"Municipal Emergency Services, Inc. (Common)",MES (Common Equity),MES,Common Equity
"Municipal Emergency Services, Inc. - DDTL",MES (DDTL),MES,First Lien
"Municipal Emergency Services, Inc. - Funded Revolver",MES (Revolver),MES,First Lien
"Municipal Emergency Services, Inc. - Unfunded Revolver",MES (Revolver),MES,First Lien
"Municipal Emergency Services, Inc. - Unfunded Term Loan",MES (DDTL),MES,First Lien
NBH Group LLC,Nevada Behavioral Health Systems (Term Loan),Nevada Behavioral Health Systems,First Lien
NBH Group LLC - Unfunded Revolver,Nevada Behavioral Health Systems (Revolver),Nevada Behavioral Health Systems,First Lien
"NEPRT Parent Holdings, LLC",Recteq (Equity),Recteq,Common Equity
"NEPRT Parent Holdings, LLC (Recteq, LLC)",Recteq (Equity),Recteq,Common Equity
"NEPRT Parent Holdings, LLC - Common Equity",Recteq (Equity),Recteq,Common Equity
"NEW MEDINA HEALTH, LLC",Comprehensive Rehab Consultants (Common Equity),Comprehensive Rehab Consultants,Common Equity
NFS-CFP Holdings LLC,Commercial Fire Protection (Revolver),Commercial Fire Protection,First Lien
NFS-CFP Holdings LLC,Commercial Fire Protection (Common Equity),Commercial Fire Protection,Common Equity
NFS-CFP Holdings LLC,Commercial Fire Protection (Term Loan),Commercial Fire Protection,First Lien
NFS-CFP Holdings LLC,Commercial Fire Protection (DDTL),Commercial Fire Protection,First Lien
"NL Monarch Holdings, LLC",SelectQuote (Common Equity),SelectQuote,Common Equity
"NORA ACQUISITION, LLC",NORA (Term Loan),NORA,First Lien
"NORA ACQUISITION, LLC",NORA (Revolver),NORA,First Lien
"NORA PARENT HOLDINGS, LLC",NORA (Common Equity),NORA,Common Equity
"NORTH AMERICAN RAIL SOLUTIONS, LLC",North American Rail Solutions (Revolver),North American Rail Solutions,First Lien
"NORTH AMERICAN RAIL SOLUTIONS, LLC",North American Rail Solutions (Term Loan),North American Rail Solutions,First Lien
"NORTH AMERICAN RAIL SOLUTIONS, LLC",North American Rail Solutions (DDTL),North American Rail Solutions,First Lien
"NXOF Holdings, Inc. (Tyto Athene, LLC) (Common)",Tyto Athene (Equity),Tyto Athene,Common Equity
"NXOF Holdings, Inc. (Tyto Athene, LLC) (Preferred)",Tyto Athene (Pref),Tyto Athene,Preferred Equity
Neptune Flood Incorporated,Neptune Flood (Term Loan),Neptune Flood,First Lien
"Neptune Platform Buyer, LLC",Pegasus Steel (DDTL),Pegasus Steel,First Lien
"Neptune Platform Buyer, LLC",Pegasus Steel (Term Loan),Pegasus Steel,First Lien
Nevada Behavioral Health Systems,Nevada Behavioral Health Systems (Revolver),Nevada Behavioral Health Systems,First Lien
"New Insight Holdings, Inc",Research Now / SSI (Common Equity),Research Now/SSI,First Lien
"New MPE Holdings, LLC",Marketplace Events (Equity),Marketplace Events,Common Equity
New Milani Group LLC,Milani (TL),Milani,First Lien
"North Haven Saints Equity Holdings, LP",SpendMend (Common Equity),SpendMend,Common Equity
Northwinds Services Group LLC,Northwinds (Common Equity),Northwinds ,Common Equity
"Northwinds Topco, INC.",Northwinds (Holdco Notes),Northwinds,Subordinated Debt
"Northwinds Topco, INC.",Northwinds (Holdco Notes DDTL),Northwinds ,Subordinated Debt
"Northwinds Topco, INC.",Northwinds (Holdco Notes),Northwinds ,Subordinated Debt
Nuvei Technologies Corp.,Nuvei (Term Loan),Nuvei,First Lien
"OHCP V BC COI, L.P.",Berlin Packaging (Common Equity),Berlin Packaging,Common Equity
"OHCP V BC COI, L.P. - Unfunded",Berlin Packaging (Common Equity),Berlin Packaging,Common Equity
"OIS Management Services, LLC",Paradigm Oral Surgery (Term Loan),Paradigm Oral Surgery,First Lien
"OIS Management Services, LLC - Unfunded Revolver",Paradigm Oral Surgery (Revolver),Paradigm Oral Surgery,First Lien
"OIS Management Services, LLC - Unfunded Term Loan",Paradigm Oral Surgery (DDTL),Paradigm Oral Surgery,First Lien
"OMNIA EXTERIOR SOLUTIONS, LLC",Omnia (Equity),Omnia,Common Equity
"OMNIA EXTERIOR SOLUTIONS, LLC",Omnia (TL),Omnia,First Lien
"OMNIA EXTERIOR SOLUTIONS, LLC",Omnia (DTTL 2),Omnia,First Lien
"OMNIA EXTERIOR SOLUTIONS, LLC",Omnia (Revolver),Omnia,First Lien
"OMNIA EXTERIOR SOLUTIONS, LLC",Omnia (DDTL 1),Omnia,First Lien
"ORL Acquisition, Inc.",OpenRoad Lending (Term Loan),OpenRoad Lending,First Lien
"ORL Acquisition, Inc. - Unfunded Revolver",OpenRoad Lending (Revolver),OpenRoad Lending,First Lien
"ORL Holdco, Inc - Common Equity",OpenRoad Lending (Common Equity),OpenRoad Lending,Common Equity
"ORL Holdco, Inc - Preferred Equity",OpenRoad Lending (Preferred Equity),OpenRoad Lending,Preferred Equity
"ORL Holdco, Inc. (Common)",OpenRoad Lending (Common Equity),OpenRoad Lending,Common Equity
"ORL Holdco, Inc. (Preferred)",OpenRoad Lending (Preferred Equity),OpenRoad Lending,Preferred Equity
"OSP EMBEDDED AGGREGATOR, LP",Lynx Technologies (Common Equity),Lynx Technologies,Common Equity
"OSP EMBEDDED PURCHASER, LLC",Lynx Technologies (Revolver),Lynx Technologies,First Lien
"OSP EMBEDDED PURCHASER, LLC",Lynx Technologies (TL),Lynx Technologies,First Lien
"OSP PAR Aggregator, LP.",PAR Excellence (Common Equity),PAR Excellence,Common Equity
"OWL ACQUISITION, LLC",Wilson (TL),Wilson Language Training,First Lien
"OceanSound Discovery Equity, LP",Smartronix / Trident (Common Equity),Smartronix / Trident,Common Equity
"OceanSound Discovery Equity, LP (Holdco Sands Intermediate, LLC)",Smartronix / Trident (Common Equity),Smartronix / Trident,Common Equity
Omnia,Omnia (Equity),Omnia,Common Equity
Omnia,Omnia (TL),Omnia,First Lien
Omnia,Omnia (Revolver),Omnia,First Lien
Omnia,Omnia (DDTL 1),Omnia,First Lien
Omnia,Omnia (DTTL 2),Omnia,First Lien
"One Stop Mailing, LLC",OSM (Term Loan),OSM,First Lien
OpenRoad Lending,OpenRoad Lending (Term Loan),OpenRoad Lending,First Lien
OpenRoad Lending - Unfunded Revolver,OpenRoad Lending (Revolver),OpenRoad Lending,First Lien
"Oral Surgery (ITC) Holdings, LLC",Paradigm Oral Surgery (Equity),Paradigm Oral Surgery,Common Equity
Orion,Orion (TL),Orion,First Lien
"Outcomes Group Holdings, Inc.",Paradigm (Term Loan),Paradigm  ,First Lien
"Output Services Group, Inc.",OSG (Common Equity),OSG Billing Services,Common Equity
"Output Services Group, Inc.",OSG (TL),OSG Billing Services,First Lien
"Output Services Group, Inc. - DDTL",OSG (DDTL),OSG Billing Services,First Lien
"Output Services Group, Inc. - Unfunded  Term Loan",OSG (DDTL),OSG Billing Services,First Lien
"Output Services Group, Inc. - Unfunded Term Loan",OSG (DDTL),OSG Billing Services,First Lien
"Ox Two, LLC",Ox (Term Loan),Ox,First Lien
"Ox Two, LLC   ",Ox (Term Loan),Ox,First Lien
"Ox Two, LLC (New Issue)",Ox (Term Loan),Ox,First Lien
"Ox Two, LLC - Funded Revolver",Ox (Revolver),Ox,First Lien
"Ox Two, LLC - Funded Revolver (New Issue)",Ox (Revolver),Ox,First Lien
"Ox Two, LLC - Unfunded Revolver",Ox (Revolver),Ox,First Lien
"Ox Two, LLC - Unfunded Revolver (New Issue)",Ox (Revolver),Ox,First Lien
P.Sabel InvestCo LP.,Sabel Systems (Common Equity),Sabel Systems,Common Equity
"PAR EXCELLENCE HOLDINGS, INC.",PAR Excellence (Term Loan),PAR Excellence,First Lien
"PAR EXCELLENCE HOLDINGS, INC.",PAR Excellence (Revolver),PAR Excellence,First Lien
"PCS MIDCO, INC.",PCS Retirement (Term Loan),PCS Retirement,First Lien
"PCS MIDCO, INC.",PCS Retirement (DDTL),PCS Retirement,First Lien
"PCS MIDCO, INC.",PCS Retirement (Revolver),PCS Retirement,First Lien
"PCS Midco, Inc.",PCS Retirement (Common Equity),PCS Retirement,Common Equity
"PD Tri-State Holdco, LLC",PDS Tri-State (Term Loan),PDS Tri-State,First Lien
"PH Beauty Holdings III, Inc.",Paris Presents,Paris Presents,First Lien
PL Acquisitionco - Equity,Pink Lily (Equity),Pink Lily,Common Equity
"PL Acquisitionco, LLC",Pink Lily (Term Loan),Pink Lily,First Lien
"PL Acquisitionco, LLC - Funded Revolver",Pink Lily (Revolver),Pink Lily,First Lien
"PL Acquisitionco, LLC - Unfunded Revolver",Pink Lily (Revolver),Pink Lily,First Lien
PN Buyer Inc.,Penta (Revolver),Penta,First Lien
PN Buyer Inc.,Penta (Common Equity),Penta,Common Equity
PN Buyer Inc.,Penta (DDTL),Penta,First Lien
PN Buyer Inc.,Penta (Term Loan),Penta,First Lien
"PRA Events, Inc.",APRA (Term Loan),APRA,First Lien
"PRA Events, Inc. - Funded Revolver",APRA (Revolver),APRA,First Lien
"PRA Events, Inc. - Unfunded Revolver",APRA (Revolver),APRA,First Lien
"PROJECT GRANITE BUYER, INC",Tranzact (DDTL),Tranzact,First Lien
"PROJECT GRANITE BUYER, INC",Tranzact (Revolver),Tranzact,First Lien
"PROJECT GRANITE BUYER, INC",Tranzact (Term Loan),Tranzact,First Lien
"PT Network Intermediate Holdings, LLC (ALL PIK)",PT Network (TL),"",Second Lien
"PT Network Intermediate Holdings, LLC (Common)",PT Network (Common),"",Common Equity
"PT Network Intermediate Holdings, LLC (Preferred)",PT Network (Pref),"",Preferred Equity
"PT Network, LLC",PT Network (TL),"",Second Lien
"PT Network, LLC (All PIK)",PT Network (TL),"",Second Lien
"Pacific Purchaser, LLC ",ProSearch (TL),ProSearch,First Lien
"Pacific Purchaser, LLC ",ProSearch (Revolver),ProSearch,First Lien
"Pacific Purchaser, LLC ",ProSearch (DDTL),ProSearch,First Lien
Parq Holdings Limited Partnership,Parq (2L),"",Second Lien
Paving Lessor Corp.,C&K Paving Contractors (Term Loan),C&K Paving Contractors,First Lien
Paving Lessor Corp.,C&K Paving Contractors (Common Equity),C&K Paving Contractors,Common Equity
Paving Lessor Corp.,C&K Paving Contractors (DDTL),C&K Paving Contractors,First Lien
"Peninsula Pacific Entertainment Development, LLC",Peninsula Pacific Entertainment (DDTL B),Peninsula Pacific Entertainment,First Lien
"Peninsula Pacific Entertainment Development, LLC",Peninsula Pacific Entertainment (Term Loan B),Peninsula Pacific Entertainment,First Lien
Peninsula Pacific Entertainment LLC,Colonial Downs (TL),"",First Lien
Peninsula Pacific Entertainment LLC - Unfunded Term Loan,Colonial Downs (DDTL),"",First Lien
PennantPark Senior Secured Loan Fund I LLC,"","",""
Pequod Merger Sub Inc.,Simplicity Group (Revolver),Simplicity Group,First Lien
Pequod Merger Sub Inc.,Simplicity Group (DDTL),Simplicity Group,First Lien
Pequod Merger Sub Inc.,Simplicity Group (TL),Simplicity Group,First Lien
"Perforce Software, Inc.",Perforce (Term Loan),"",First Lien
"Perforce Software, Inc. - Funded Revolver",Perforce (Revolver),"",First Lien
"Perforce Software, Inc. - Unfunded Revolver",Perforce (Revolver),"",First Lien
Pestell Minerals and Ingredients Inc.,Pestell (Term Loan),"",First Lien
"Pink Lily Holdco, LLC",Pink Lily (Equity),Pink Lily,Common Equity
"Pinnacle Clinical Research, LLC",Pinnacle Clinical Research (Term Loan),Pinnacle Clinical Research,First Lien
"Plant Health Intermediate, Inc.",Douglas (Term Loan),Douglas,First Lien
"Planview Parent, Inc.",Planview (TL),Planview,First Lien
"PlayPower, Inc.",PlayPower (Term Loan),PlayPower,First Lien
"Podean Buyer, LLC",Podean (Common Equity),Podean,Common Equity
"Podean Buyer, LLC",Podean (Term Loan),Podean,First Lien
"Podean Buyer, LLC",Podean (Revolver),Podean,First Lien
Pragmatic Holdings Group LP,Pragmatic Institute (Common),Pragmatic Institute,Common Equity
"Pragmatic Institute, LLC",Pragmatic Institute (TL),Pragmatic Institute,First Lien
"Pragmatic Institute, LLC - Revolver",Pragmatic Institute (Revolver),Pragmatic Institute,First Lien
"Pragmatic Institute, LLC - Unfunded Term Loan",Pragmatic Institute (DDTL),Pragmatic Institute,First Lien
"Project Granite Holdings, LLC",Tranzact (Common Equity),Tranzact,Common Equity
"Provation Medical, Inc.",Provation Medical (Term Loan),"",Second Lien
"Puget Collision, LLC",Puget Collision (Revolver),Puget Collision,First Lien
"Puget Collision, LLC",Puget Collision (Incr. DDTL),Puget Collision,First Lien
QuantiTech InvestCo II LP,QuantiTech (Common Equity II),QuantiTech,Common Equity
QuantiTech InvestCo LP,QuantiTech (Common Equity I),QuantiTech,Common Equity
QuantiTech InvestCo LP - Unfunded,QuantiTech (Common Equity I),QuantiTech,Common Equity
QuantiTech LLC,QuantiTech (Second Lien),QuantiTech,Second Lien
Quantic Electronics - Unfunded Revolver,Quantic Electronics (Revolver),Quantic Electronics,First Lien
Quantic Electronics - Unfunded Term Loan,Quantic Electronics (DDTL),Quantic Electronics,First Lien
"Quantic Electronics, LLC",Quantic Electronics (Term Loan),Quantic Electronics,First Lien
"Quantic Electronics, LLC - Funded Revolver",Quantic Electronics (Revolver),Quantic Electronics,First Lien
"Quantic Electronics, LLC - Unfunded Revolver",Quantic Electronics (Revolver),Quantic Electronics,First Lien
"Quantic Electronics, LLC - Unfunded Term Loan",Quantic Electronics (DDTL),Quantic Electronics,First Lien
"Questex, LLC",Questex (TL),Questex,First Lien
"Questex, LLC - Funded Revolver",Questex (Revolver),Questex,First Lien
"Questex, LLC - Unfunded Revolver",Questex (Revolver),Questex,First Lien
RAM Energy Holdings LLC ,Ram (Term Loan),RAM Energy,First Lien
RAM Energy Holdings LLC - Funded Revolver,Ram (Revolver),RAM Energy,First Lien
RAM Energy Holdings LLC(Common),Ram (Equity),RAM Energy,Common Equity
RFMG Parent LP,Rancho (Equity),Rancho Medical,Common Equity
"RFMG Parent, LP",Rancho (Equity),Rancho Medical,Common Equity
"RRA CORPORATE, LLC",Roofed Right America (DDTL 2),Roofed Right America,First Lien
"RRA CORPORATE, LLC",Roofed Right America (DDTL 1),Roofed Right America,First Lien
"RRA CORPORATE, LLC",Roofed Right America (Revolver),Roofed Right America,First Lien
"RRA CORPORATE, LLC",Roofed Right America (Term Loan),Roofed Right America,First Lien
"RTIC Parent Holdings, LLC",RTIC (Preferred Equity B),RTIC,Preferred Equity
"RTIC Parent Holdings, LLC",RTIC (Common Equity),RTIC,Common Equity
"RTIC Parent Holdings, LLC",RTIC (Preferred Equity A),RTIC,Preferred Equity
"RTIC Parent Holdings, LLC (Common)",RTIC (Common Equity),RTIC,Common Equity
"RTIC Parent Holdings, LLC (Preferred A)",RTIC (Preferred Equity A),RTIC,Preferred Equity
"RTIC Parent Holdings, LLC (Preferred B)",RTIC (Preferred Equity B),RTIC,Preferred Equity
"RTIC Parent Holdings, LLC (Preferred C)",RTIC (Preferred Equity C),RTIC,Preferred Equity
"RTIC Parent Holdings, LLC (Preferred D)",RTIC (Preferred Equity D),RTIC,Preferred Equity
"RTIC Subsidiary Holdings, LLC",RTIC (TL),RTIC,First Lien
"RTIC Subsidiary Holdings, LLC - Funded Revolver",RTIC (Revolver),RTIC,First Lien
"RTIC Subsidiary Holdings, LLC - Unfunded Revolver",RTIC (Revolver),RTIC,First Lien
"Radius Aerospace, Inc.",Radius Aerospace (Term Loan),Radius Aerospace,First Lien
"Radius Aerospace, Inc. - Funded Revolver",Radius Aerospace (Revolver),Radius Aerospace,First Lien
"Radius Aerospace, Inc. - Unfunded Revolver",Radius Aerospace (Revolver),Radius Aerospace,First Lien
Rancho,Rancho (TL),Rancho Medical,First Lien
"Rancho Health MSO, Inc.",Rancho (TL),Rancho Medical,First Lien
"Rancho Health MSO, Inc.  - Unfunded Term Loan",Rancho (DDTL),Rancho Medical,First Lien
"Rancho Health MSO, Inc. - Funded Revolver",Rancho (Revolver),Rancho Medical,First Lien
"Rancho Health MSO, Inc. - Unfunded Revolver",Rancho (Revolver),Rancho Medical,First Lien
"Rancho Health MSO, Inc. - Unfunded Term Loan",Rancho (DDTL),Rancho Medical,First Lien
"Real Life Holdings, LLC",Real Life Residential (Common Equity),Real Life Residential,Common Equity
"Real Life Intermediate Holdings, LLC",Real Life Residential (DDTL),Real Life Residential,First Lien
"Real Life Intermediate Holdings, LLC",Real Life Residential (Term Loan),Real Life Residential,First Lien
"Real Life Intermediate Holdings, LLC",Real Life Residential (Revolver),Real Life Residential,First Lien
"Reception Purchaser, LLC",STG (Second Out Term Loans),STG Logistics,First Lien
"Reception Purchaser, LLC",STG (TL),STG Logistics,First Lien
"Reception Purchaser, LLC",STG (First Out New Money Term Loans),STG Logistics,First Lien
"Recteq, LLC",Recteq (TL),Recteq,First Lien
"Recteq, LLC - Funded Revolver",Recteq (Revolver),Recteq,First Lien
"Recteq, LLC - Revolver",Recteq (Revolver),Recteq,First Lien
"Recteq, LLC - Term Loan",Recteq (TL),Recteq,First Lien
"Recteq, LLC - Unfunded Revolver",Recteq (Revolver),Recteq,First Lien
"Research Horizons, LLC",Research Horizons (TL),"",First Lien
"Research Horizons, LLC - Delayed Draw Term Loan",Research Horizons (DDTL),"",First Lien
"Research Horizons, LLC - Funded Revolver",Research Horizons (Rev),"",First Lien
"Research Horizons, LLC - Unfunded Revolver",Research Horizons (Rev),"",First Lien
"Research Horizons, LLC - Unfunded Term Loan",Research Horizons (DDTL),"",First Lien
"Research Now Group, Inc.",Research Now / SSI (1st),Research Now/SSI,First Lien
"Research Now Group, Inc. and Survey Sampling International LLC",Research Now / SSI (1st),Research Now/SSI,First Lien
"Research Now Group, LLC",Research Now / SSI (1st),Research Now/SSI,First Lien
"Research Now Group, LLC and Dynata, LLC",Research Now / SSI (SOTL),Research Now/SSI,First Lien
"Research Now Group, LLC and Dynata, LLC",Research Now / SSI (1st),Research Now/SSI,First Lien
"Research Now Group, LLC and Dynata, LLC",Research Now / SSI (FOTL),Research Now/SSI,First Lien
"Riverpoint Medical, LLC",Riverpoint Medical (TL),Riverpoint,First Lien
"Riverpoint Medical, LLC",Riverpoint Medical (Incremental TL),Riverpoint,First Lien
"Riverpoint Medical, LLC - Funded Revolver",Riverpoint Medical (Revolver),Riverpoint,First Lien
"Riverpoint Medical, LLC - Unfunded Revolver",Riverpoint Medical (Revolver),Riverpoint,First Lien
"Riverside Assessments, LLC",Riverside Insights (FLLO),Riverside Insights,First Lien
"Riverside Assessments, LLC ",Riverside Insights (FLLO),Riverside Insights,First Lien
"Ro Health Holdings, Inc.",Ro Health (Common Equity),Ro Health ,Common Equity
"Ro Health, LLC ",Ro Health (Revolver),Ro Health ,First Lien
"Ro Health, LLC ",Ro Health (Term Loan),Ro Health ,First Lien
"Rosco Parent, LLC",Rosco (Revolver),Rosco,First Lien
"Rosco Parent, LLC",Rosco (Common Equity),Rosco,Common Equity
"Rosco Parent, LLC",Rosco (Term Loan),Rosco,First Lien
Route 66 Development Authority,Harrah's Oklahoma (Term Loan),Harrah's Oklahoma,First Lien
"Rural Sourcing Holdings, Inc. (HPA SPQ Merger Sub, Inc.)",Sparq (TL),Sparq,First Lien
"S101 ACQUISITION, INC.",Security 101 (Revolver),Security 101,First Lien
"S101 ACQUISITION, INC.",Security 101 (TL),Security 101,First Lien
"S101 ACQUISITION, INC.",Security 101 (DDTL),Security 101,First Lien
"SAFE HAVEN DEFENSE US, LLC",Safe Haven (Revolver),Safe Haven,First Lien
"SAFE HAVEN DEFENSE US, LLC",Safe Haven (Common Equity),Safe Haven,Common Equity
"SAFE HAVEN DEFENSE US, LLC",Safe Haven (Term Loan),Safe Haven,First Lien
SBI Holdings Investments LLC,Sales Benchmark Index (Equity),Sales Benchmark Index (SBI),Common Equity
SBI Holdings Investments LLC (Sales Benchmark Index LLC),Sales Benchmark Index (Equity),Sales Benchmark Index (SBI),Common Equity
SBI LLC - Common Equity,Sales Benchmark Index (Equity),Sales Benchmark Index (SBI),Common Equity
SD InvestCo GP LLC ,Sigma Defense (Equity),Sigma Defense,Common Equity
"SFP Holding, Inc.",Summit Companies (Term Loan),"",First Lien
"SFP Holding, Inc. - Funded Revolver",Summit Companies (Revolver),"",First Lien
"SFP Holding, Inc. - Unfunded Revolver",Summit Companies (Revolver),"",First Lien
"SFP Holding, Inc. - Unfunded Term Loan",Summit Companies (DDTL),"",First Lien
SP L2 Holdings LLC - Equity,Ledge Lounger (Equity),Ledge Lounger,Common Equity
"SP L2 Holdings, LLC",Ledge Lounger (Equity),Ledge Lounger,Common Equity
SPENDMEND HOLDINGS LLC,SpendMend (Term Loan),SpendMend,First Lien
SPENDMEND HOLDINGS LLC - Funded Revolver,SpendMend (Revolver),SpendMend,First Lien
SPENDMEND HOLDINGS LLC - Unfunded Revolver,SpendMend (Revolver),SpendMend,First Lien
SPENDMEND HOLDINGS LLC - Unfunded Term Loan,SpendMend (DDTL),SpendMend,First Lien
"SSC Dominion Holdings, LLC - Class A (US Dominion, Inc.)",Dominion Voting (Equity),Dominion Voting Systems,Common Equity
"SSC Dominion Holdings, LLC - Class B (US Dominion, Inc.)",Dominion Voting (Equity),Dominion Voting Systems,Common Equity
STV Group Incorporated,STV Group (TL),STV Group,First Lien
"SV-Aero Holdings, LLC",Aeronix (DDTL),Aeronix,First Lien
"SV-Aero Holdings, LLC",Aeronix (Common Equity),Aeronix,Common Equity
Sabai Group LLC,Sabai Group (Term Loan),Sabai Group,First Lien
"Sabel Systems Technology Solutions, LLC",Sabel Systems (Term Loan),Sabel Systems,First Lien
"Sabel Systems Technology Solutions, LLC",Sabel Systems (Revolver),Sabel Systems,First Lien
Sales Benchmark Index LLC,Sales Benchmark Index (TL),Sales Benchmark Index (SBI),First Lien
Sales Benchmark Index LLC - DDTL,Sales Benchmark Index (DDTL),Sales Benchmark Index (SBI),First Lien
Sales Benchmark Index LLC - Funded Revolver,Sales Benchmark Index (Revolver),Sales Benchmark Index (SBI),First Lien
Sales Benchmark Index LLC - Unfunded  Term Loan,Sales Benchmark Index (DDTL),Sales Benchmark Index (SBI),First Lien
Sales Benchmark Index LLC - Unfunded Revolver,Sales Benchmark Index (Revolver),Sales Benchmark Index (SBI),First Lien
Sales Benchmark Index LLC - Unfunded Term Loan,Sales Benchmark Index (DDTL),Sales Benchmark Index (SBI),First Lien
Salient CRGT Inc.,SalientCRGT,"",First Lien
Sargent & Greenleaf Inc.,Sargent & Greenleaf (Term Loan),Sargent & Greenleaf,First Lien
Sargent & Greenleaf Inc. - Funded Revolver,Sargent & Greenleaf (Revolver),Sargent & Greenleaf,First Lien
Sargent & Greenleaf Inc. - Unfunded Revolver,Sargent & Greenleaf (Revolver),Sargent & Greenleaf,First Lien
"Sargent & Greenleaf, Inc.",Sargent & Greenleaf (Term Loan),Sargent & Greenleaf,First Lien
"Sargent & Greenleaf, Inc. - Funded Revolver",Sargent & Greenleaf (Revolver),Sargent & Greenleaf,First Lien
"Sargent & Greenleaf, Inc. - Unfunded Revolver",Sargent & Greenleaf (Revolver),Sargent & Greenleaf,First Lien
"Schlesinger Global, Inc.",Schlesinger (Term Loan),Schlesinger,First Lien
"Schlesinger Global, Inc. - Funded Revolver",Schlesinger (Revolver),Schlesinger,First Lien
"Schlesinger Global, Inc. - Unfunded Revolver",Schlesinger (Revolver),Schlesinger,First Lien
"Schlesinger Global, Inc. - Unfunded Term Loan",Schlesinger (DDTL),Schlesinger,First Lien
"Scp Clinical Research Intermediate Holdings, LLC",PhaseWell Research (Revolver),PhaseWell Research,First Lien
"Scp Clinical Research Intermediate Holdings, LLC",PhaseWell Research (DDTL),PhaseWell Research,First Lien
"Scp Clinical Research Intermediate Holdings, LLC",PhaseWell Research (Term Loan),PhaseWell Research,First Lien
"Seacoast Service Partners NA, LLC ",Seacoast Service Partners (Revolver),Seacoast Service Partners,First Lien
"Seacoast Service Partners NA, LLC ",Seacoast Service Partners (DDTL),Seacoast Service Partners,First Lien
"Seacoast Service Partners NA, LLC ",Seacoast Service Partners (Term Loan),Seacoast Service Partners,First Lien
"Seacoast Service Partners, LLC",Seacoast Service Partners (Common Equity),Seacoast Service Partners,Common Equity
"Seacoast Service Partners, LLC ",Seacoast Service Partners (Common Equity),Seacoast Service Partners,Common Equity
"Seaway Buyer, LLC",Seaway (TL),Seaway Plastics,First Lien
"Seaway Buyer, LLC - Funded Revolver",Seaway (Revolver),Seaway Plastics,First Lien
"Seaway Buyer, LLC - Unfunded Revolver",Seaway (Revolver),Seaway Plastics,First Lien
Seaway TopCo LP,Seaway (Equity),Seaway Plastics,Common Equity
"Seaway Topco, LLC",Seaway (Equity),Seaway Plastics,Common Equity
"Seaway Topco, LP",Seaway (Equity),Seaway Plastics,Common Equity
"Seaway Topco, LP (Common Equity)",Seaway (Equity),Seaway Plastics,Common Equity
"ShiftKey, LLC",ShiftKey (Term Loan),ShiftKey,First Lien
"Sigma Defense Systems, Inc. - Incremental Term Loan",Sigma Defense (Incremental TL),Sigma Defense,First Lien
"Sigma Defense Systems, Inc. - Revolver",Sigma Defense (Revolver),Sigma Defense,First Lien
"Sigma Defense Systems, Inc. - Term Loan",Sigma Defense (Term Loan),Sigma Defense,First Lien
"Sigma Defense Systems, LLC",Sigma Defense (Term Loan),Sigma Defense,First Lien
"Sigma Defense Systems, LLC - Funded Revolver",Sigma Defense (Revolver),Sigma Defense,First Lien
"Sigma Defense Systems, LLC - Revolver",Sigma Defense (Revolver),Sigma Defense,First Lien
"Sigma Defense Systems, LLC - Unfunded Revolver",Sigma Defense (Revolver),Sigma Defense,First Lien
"Signature CR Intermediate Holdco, Inc. (Common)",Signature Systems Group (Common Equity),Signature Systems Group,Common Equity
"Signature CR Intermediate Holdco, Inc. (Preferred)",Signature Systems Group (Preferred Equity),Signature Systems Group,Preferred Equity
Signature Systems Holding Company,Signature Systems Group (TL),Signature Systems Group,First Lien
Signature Systems Holding Company - Funded Revolver,Signature Systems Group (RC),Signature Systems Group,First Lien
Signature Systems Holding Company - Term Loan II,Signature Systems Group (TL II),Signature Systems Group,First Lien
Signature Systems Holding Company - Unfunded Revolver,Signature Systems Group (RC),Signature Systems Group,First Lien
Signature Systems Holding Company First Lien Term Loan II,Signature Systems Group (TL II),Signature Systems Group,First Lien
Signature Systems Holding Company. - Unfunded Revolver,Signature Systems Group (RC),Signature Systems Group,First Lien
Skopima Consilio Parent LLC,Consilio (TL),Consilio,First Lien
"Skopima Consilio Parent, LLC",Consilio (TL),Consilio,First Lien
Smile Brands Inc.,Smile Brands (TL),Smile Brands,First Lien
Smile Brands Inc. - Funded Revolver,Smile Brands (Revolver),Smile Brands,First Lien
Smile Brands Inc. - Unfunded Revolver,Smile Brands (Revolver),Smile Brands,First Lien
Smile Brands Inc. - Unfunded Revolver - LC,Smile Brands (Revolver),Smile Brands,First Lien
Smile Brands Inc. - Unfunded Term Loan,Smile Brands (DDTL),Smile Brands,First Lien
"Smile Brands, Inc.",Smile Brands (TL),Smile Brands,First Lien
"Smile Brands, Inc. - Funded Revolver",Smile Brands (Revolver),Smile Brands,First Lien
"Smile Brands, Inc. - Unfunded Revolver",Smile Brands (Revolver),Smile Brands,First Lien
"Smile Brands, Inc. - Unfunded Term Loan",Smile Brands (DDTL),Smile Brands,First Lien
"Snak Club, LLC",Snak Club (TL),Snak Club,First Lien
"Snak Club, LLC - Funded Revolver",Snak Club (Rev),Snak Club,First Lien
"Snak Club, LLC - Unfunded Revolver",Snak Club (Rev),Snak Club,First Lien
"Snak Club, LLC - Unfunded Revolver (Temporary)",Snak Club (Rev),Snak Club,First Lien
"Solutionreach, Inc.",Solutionreach (TL),Solutionreach,First Lien
"Solutionreach, Inc. ",Solutionreach (TL),Solutionreach,First Lien
"Solutionreach, Inc. - Funded Revolver",Solutionreach (Rev),Solutionreach,First Lien
"Solutionreach, Inc. - Unfunded Revolver",Solutionreach (Rev),Solutionreach,First Lien
"Southern Veterinary Partners, LLC",Southern Veterinary Partners (TL),Southern Veterinary Partners,First Lien
"Spear Education, LLC",Spear Education (TL),Spear Education,First Lien
"Spear Education, LLC - Unfunded Term Loan",Spear Education (DDTL),Spear Education,First Lien
"Spectacle Gary Holdings, LLC",Hard Rock Gary (TL),"",First Lien
"Spectacle Gary Holdings, LLC - DDTL",Hard Rock Gary (DDTL),"",First Lien
"Spectacle Gary Holdings, LLC - Unfunded Term Loan",Hard Rock Gary (DDTL),"",First Lien
Spin Holdco Inc.,CSC Service Works,"",Second Lien
Spyder (BC) Bidco Pty Ltd,Camp Australia,Camp Australia,Second Lien
"StellPen Holdings, LLC (CF512, Inc.)",Gen3 Marketing (Common Equity),Gen3 Marketing,Common Equity
"StoicLane, Inc.",Archer Lewis (Common Equity),Archer Lewis,Common Equity
"Summit Behavioral Healthcare, LLC",Summit Behavioral Healthcare,Summit Behavioral Healthcare,First Lien
"Superior Digital Display Holdings, Inc. (P)",Superior (Preferred A),"",Preferred Equity
"Superior Digital Display Holdings, Inc. (Series B)",Superior (Preferred B),"",Preferred Equity
"Superior Digital Displays Holdings, Inc. ",Superior (Common),"",Common Equity
"Superior Digital Displays, LLC (ALL PIK)",Superior (Term Loan),"",First Lien
"Symplr Software, Inc.",Symplr (TL),Symplr,First Lien
"System Planning and Analysis, Inc.",MCR (Term Loan),MCR,First Lien
"System Planning and Analysis, Inc. (f/k/a Management Consulting & Research, LLC)",MCR (Term Loan),MCR,First Lien
"System Planning and Analysis, Inc. - Unfunded Revolver (f/k/a Management Consulting & Research, LLC)",MCR (Revolver),MCR,First Lien
TAC LifePort Holdings LLC,LifePort (Equity),LifePort,Common Equity
"TAC LifePort Holdings, LLC",LifePort (Equity),LifePort,Common Equity
"TAC LifePort Purchaser, LLC",LifePort (Term Loan),LifePort,First Lien
"TAC LifePort Purchaser, LLC ",LifePort (Term Loan),LifePort,First Lien
"TAC LifePort Purchaser, LLC - Funded Revolver",LifePort (Revolver),LifePort,First Lien
"TAC LifePort Purchaser, LLC - Unfunded Revolver",LifePort (Revolver),LifePort,First Lien
"TCG 3.0 JOGGER ACQUISITIONCO, INC.",BiggerPockets (TL),BiggerPockets,First Lien
"TCG 3.0 JOGGER ACQUISITIONCO, INC. ",BiggerPockets (TL),BiggerPockets,First Lien
"TCG 3.0 JOGGER ACQUISITIONCO, INC. ",BiggerPockets (Revolver),BiggerPockets,First Lien
"TCG 3.0 Jogger Co-Invest, LP ",BiggerPockets (Common Equity),BiggerPockets,Common Equity
"TPC Broadband Investors, LP",Advanced Cable,"",Common Equity
"TPC Broadband Investors, LP (Unfunded)",Advanced Cable,"",Common Equity
"TPC Canada Parent, Inc. and TPC US Parent, LLC",Targeted Pet Care (Term Loan),Targeted Pet Care,First Lien
"TPC Holding Company, LP (Common)",Targeted Pet Care (Common Equity),Targeted Pet Care,Common Equity
"TPC Holding Company, LP (Preferred)",Targeted Pet Care (Preferred Equity),Targeted Pet Care,Preferred Equity
"TPC Holding Company, LP – Common",Targeted Pet Care (Common Equity),Targeted Pet Care,Common Equity
"TPC Holding Company, LP – Preferred",Targeted Pet Care (Preferred Equity),Targeted Pet Care,Preferred Equity
"TPCN Holdings, LLC ",TPCN (Common Equity),Total Pool Care Network,Common Equity
"TPCN Midco, LLC",TPCN (DDTL),Total Pool Care Network,First Lien
"TPCN Midco, LLC",TPCN (Term Loan),Total Pool Care Network,First Lien
"TPCN Midco, LLC",TPCN (Revolver),Total Pool Care Network,First Lien
"TRANSGO, LLC",TransGo (TL),TransGo,First Lien
"TRANSGO, LLC",TransGo (Revolver),TransGo,First Lien
"TVC Enterprises, LLC",TVC (TL),TVC,First Lien
"TVC Enterprises, LLC - Funded Revolver",TVC (Revolver),TVC,First Lien
"TVC Enterprises, LLC - Unfunded Revolver",TVC (Revolver),TVC,First Lien
"TVC Enterprises, LLC - Unfunded Term Loan",TVC (DDTL),TVC,First Lien
"TWD Parent Holdings, LLC (The Vertex Companies, LLC) (Common)",Vertex (Common Equity),Vertex,Common Equity
"TWD Parent Holdings, LLC (The Vertex Companies, LLC) (Preferred)",Vertex (Preferred Equity),Vertex,Preferred Equity
"TWD Parent Holdings, LLC - Common Equity",Vertex (Common Equity),Vertex,Common Equity
"TWD Parent Holdings, LLC - Preferred Equity",Vertex (Preferred Equity),Vertex,Preferred Equity
TWS Acquisition Corporation,StrataTech (Term Loan),StrataTech,First Lien
TWS Acquisition Corporation - Funded Revolver,StrataTech (Revolver),StrataTech,First Lien
TWS Acquisition Corporation - Unfunded Revolver,StrataTech (Revolver),StrataTech,First Lien
"Team Services Group, LLC",TEAM Services Group (First Lien Term Loan),TEAM Services Group,First Lien
"Team Services Group, LLC",TEAM Services Group (Second Lien Term Loan),TEAM Services Group,Second Lien
"Team Services Group, LLC - 2nd Lien",TEAM Services Group (Second Lien Term Loan),TEAM Services Group,Second Lien
"TeleGuam Holdings, LLC",Teleguam,Teleguam,First Lien
"TeleGuam Holdings, LLC ",Teleguam,Teleguam,First Lien
Teneo Holdings LLC,Teneo (TL),Teneo,First Lien
Tensar Corporation,Tensar,"",First Lien
Test,test,Test,Test
Test,Test,Test,Test
Test1,Test1,Test1,Test1
"The Aegis Technologies Group, LLC",BlueHalo (Term Loan),BlueHalo,First Lien
The Bluebird Group LLC,Bluebird (Term Loan),Bluebird,First Lien
The Bluebird Group LLC - Unfunded Revolver,Bluebird (Revolver),Bluebird,First Lien
"The Edelman Financial Center, LLC",Edelman (Term Loan),Edelman,First Lien
"The Infosoft Group, LLC",Infosoft (TL),Infosoft,First Lien
The Original Cakerie Ltd.,The Original Cakerie Ltd. (CAD TL),The Original Cakerie,First Lien
The Original Cakerie Ltd. - Funded Revolver,The Original Cakerie Ltd. (CAD Revolver),The Original Cakerie,First Lien
The Original Cakerie Ltd. - Unfunded Revolver,The Original Cakerie Ltd. (CAD Revolver),The Original Cakerie,First Lien
The Original Cakerie Ltd. - Unfunded Revolver - LC,The Original Cakerie Ltd. (CAD Revolver),The Original Cakerie,First Lien
"The Original Cakerie, Co.","The Original Cakerie, Co. (US TL)",The Original Cakerie,First Lien
"The Vertex Companies, LLC",Vertex (Term Loan),Vertex,First Lien
"The Vertex Companies, LLC - Unfunded Revolver",Vertex (Revolver),Vertex,First Lien
"The Vertex Companies, LLC - Unfunded Term Loan",Vertex (DDTL),Vertex,First Lien
"Tower Arch Infolinks Media, LP",Infolinks (Common Equity),Infolinks,Common Equity
"Tower Arch Infolinks Media, LP - Unfunded",Infolinks (Common Equity),Infolinks,Common Equity
"TransnetYX, Inc.",Transnetyx (Term Loan),Transnetyx,First Lien
"Tyto Athene, LLC",Tyto Athene (Term Loan),Tyto Athene,First Lien
"Tyto Athene, LLC (New Issue)",Tyto Athene (Term Loan),Tyto Athene,First Lien
"Tyto Athene, LLC (New Issue) - Unfunded Revolver",Tyto Athene (Revolver),Tyto Athene,First Lien
"Tyto Athene, LLC - Funded Revolver",Tyto Athene (Revolver),Tyto Athene,First Lien
"Tyto Athene, LLC - Unfunded Revolver",Tyto Athene (Revolver),Tyto Athene,First Lien
"U.S. Well Services, Inc. - Class A",U.S. Well (Class A),U.S. Well,Common Equity
"UBEO, LLC",UBEO (TL),UBEO,First Lien
"UBEO, LLC - Funded Revolver",UBEO (Revolver),UBEO,First Lien
"UBEO, LLC - Unfunded Revolver",UBEO (Revolver),UBEO,First Lien
"UBEO, LLC - Unfunded Term Loan",UBEO (DDTL),UBEO,First Lien
UNITED LAND SERVICES INTERMEDIATE PARENT HOLDINGS LLC,United Land Services (HoldCo Notes DDTL),United Land Services,Subordinated Debt
UNITED LAND SERVICES INTERMEDIATE PARENT HOLDINGS LLC,United Land Services (HoldCo Notes),United Land Services,Subordinated Debt
"UROLOGY MANAGEMENT HOLDINGS, INC.",Solaris Health (DDTL 2024),Solaris Health,First Lien
"UROLOGY MANAGEMENT HOLDINGS, INC.",Solaris Health (DDTL),Solaris Health,First Lien
"UROLOGY MANAGEMENT HOLDINGS, INC.",Solaris Health (Term Loan),Solaris Health,First Lien
"UROLOGY PARTNERS CO., L.P.",Solaris Health (Common Equity),Solaris Health,Common Equity
"US Dominion, Inc.",Dominion Voting (Term Loan),Dominion Voting Systems,First Lien
"US Dominion, Inc. - Funded Revolver",Dominion Voting (Revolver),Dominion Voting Systems,First Lien
"US Dominion, Inc. - Unfunded Revolver",Dominion Voting (Revolver),Dominion Voting Systems,First Lien
"US Fertility Enterprises, LLC",US Fertility (DDTL),US Fertility,First Lien
"US Fertility Enterprises, LLC",US Fertility (Term Loan),US Fertility,First Lien
"US Med Acquisition, Inc.",US Med,"",First Lien
"USWS Holdings, LLC",U.S. Well (Class B),U.S. Well,Common Equity
"UniTek Acquisition, Inc.",UniTek (TL),"",First Lien
"UniTek Global Services, Inc. - Senior Preferred Equity",UniTek (DDTL),UniTek,Preferred Equity
"UniTek Global Services, Inc. - Super Senior Preferred Equity",UniTek (Super Pref),UniTek,Preferred Equity
"UniTek Global Services, Inc.(C)",UniTek (Common Eq),UniTek,Common Equity
"UniTek Global Services, Inc.(P)",UniTek (Preferred Eq),UniTek,Preferred Equity
"UniTek Global Services, Inc.(W)",UniTek (Common Eq),UniTek,Common Equity
UniVista Insurance,UniVista (Equity),UniVista,Common Equity
"Unique Indoor Comfort, LLC",Unique Indoor Comfort (TL),Unique Indoor Comfort,First Lien
"Unique Indoor Comfort, LLC - Unfunded Revolver",Unique Indoor Comfort (Revolver),Unique Indoor Comfort,First Lien
"Unique Indoor Comfort, LLC - Unfunded Term Loan",Unique Indoor Comfort (DDTL),Unique Indoor Comfort,First Lien
United Land Services Holdings LLC ,United Land Services (Common Equity),United Land Services,Common Equity
"Urology Management Associates, LLC",New Jersey Urology (TL),"",First Lien
"VRS Buyer, Inc",Velocity Rail Solutions (DDTL),Velocity Rail Solutions,First Lien
"VRS Buyer, Inc",Velocity Rail Solutions (Revolver),Velocity Rail Solutions,First Lien
"VRS Buyer, Inc",Velocity Rail Solutions (Term Loan),Velocity Rail Solutions,First Lien
"VT Topco, Inc.",Veritext (2L),Veritext,Second Lien
"VT Topco, Inc.",Veritext (Incremental Second Lien),Veritext,Second Lien
Vertex,Vertex (Term Loan),Vertex,First Lien
Vertex - Unfunded Revolver,Vertex (Revolver),Vertex,First Lien
Vertex - Unfunded Term Loan,Vertex (DDTL),Vertex,First Lien
"Virgin Pulse, Inc",Virgin Pulse (1L),"",First Lien
"Virgin Pulse, Inc.",Virgin Pulse (1L),"",First Lien
Vision Purchaser Corporation,Vision Integrated (TL),Vision Integrated,First Lien
"WCP IVYREHAB QP CF FEEDER, L.P.",Ivy Rehab (Common Equity),Ivy Rehab,Common Equity
"WCP IVYREHAB QP CF FEEDER, L.P. - Unfunded",Ivy Rehab (Common Equity),Ivy Rehab,Common Equity
"WCP Ivyrehab QP CF Feeder, LP",Ivy Rehab (Common Equity),Ivy Rehab,Common Equity
"WCP Ivyrehab QP CF Feeder, LP - Unfunded",Ivy Rehab (Common Equity),Ivy Rehab,Common Equity
"WCP Ivyrehab QP CF Feeder, LP. - Unfunded",Ivy Rehab (Common Equity),Ivy Rehab,Common Equity
Walker Edison Furniture Company LLC,Walker Edison (TL),Walker Edison,First Lien
Watchtower,Watchtower (TL),Watchtower,First Lien
Watchtower,Watchtower (Revolver),Watchtower,First Lien
Watchtower,Watchtower (DDTL),Watchtower,First Lien
Watchtower Buyer,Watchtower Buyer (DDTL),Watchtower Buyer,First Lien
Watchtower Buyer,Watchtower Buyer (Revolver),Watchtower Buyer,First Lien
Watchtower Buyer,Watchtower Buyer (TL),Watchtower Buyer,First Lien
Watchtower Holdings,Watchtower Holding (Common Equity),Watchtower Holdings,Common Equity
"West Girard Holdings, LLC",Philadelphia Girard Apartments (Term Loan),Philadelphia Girard Apartments ,First Lien
"Whitehawk Industrial Distribution, Inc.",WhiteHawk Industrial (TL),WhiteHawk Industrial,First Lien
"Wildcat Buyerco, Inc.",Nsi Industries (Term Loan),Nsi Industries,First Lien
"Wildcat Buyerco, Inc. - Funded Revolver",Nsi Industries (Revolver),Nsi Industries,First Lien
"Wildcat Buyerco, Inc. - Unfunded Revolver",Nsi Industries (Revolver),Nsi Industries,First Lien
"Wildcat Buyerco, Inc. - Unfunded Term Loan",Nsi Industries (DDTL),Nsi Industries,First Lien
"Wildcat Buyerco, Inc. - Unfunded Term Loan B",Nsi Industries (DDTL),Nsi Industries,First Lien
"Wildcat Buyerco, Inc. - Unfunded Term Loan C",Nsi Industries (DDTL),Nsi Industries,First Lien
"Wildcat Parent, LP",Nsi Industries (Equity),Nsi Industries,Common Equity
"Wildcat Parent, LP (Wildcat Buyerco, Inc.)",Nsi Industries (Equity),Nsi Industries,Common Equity
"Wrench Group, LLC",Wrench Group (Term Loan),Wrench Group,First Lien
"ZS Juniper L.P. (Juniper Landscaping of Florida, LLC)",Juniper (Common Equity),"",Common Equity
Zips - Unfunded Term Loan,Zips (DDTL),Zips,First Lien
"Zips Car Wash, LLC",Zips (Rollup DIP Term Loan),Zips,First Lien
"Zips Car Wash, LLC",Zips (New HoldCo Note),Zips,First Lien
"Zips Car Wash, LLC",Zips (Revolver),Zips,First Lien
"Zips Car Wash, LLC",Zips (New OpCo Term Loan),Zips,First Lien
"Zips Car Wash, LLC",Zips (New Money DIP Term Loan),Zips,First Lien
"Zips Car Wash, LLC",Zips (Common Equity),Zips,Common Equity
"Zips Car Wash, LLC",Zips (Term Loan),Zips,First Lien
"Zips Car Wash, LLC - Unfunded Term Loan",Zips (DDTL),Zips,First Lien
"eCommission Financial Services, Inc.",eCommission (Term Loan),eCommission,First Lien
"eCommission Financial Services, Inc. - Funded Revolver",eCommission (Revolver),eCommission,First Lien
"eCommission Financial Services, Inc. - Unfunded Revolver",eCommission (Revolver),eCommission,First Lien
eCommission Holding Corporation,eCommission (Equity),eCommission,Common Equity
eCommission Holdings Corporation,eCommission (Equity),eCommission,Common Equity
"iEnergizer Limited and Aptara, Inc.",iEnergizer,"",First Lien
test,test,test,test
